type,path,common_name,weight,title,description,rubric_unfamiliar,rubric_beginner,rubric_moderate,rubric_advanced,rubric_expert
CATEGORY,,blue_team,1,N/A,N/A,N/A,N/A,N/A,N/A,N/A
CATEGORY,blue_team.monitoring,monitoring,1,N/A,N/A,N/A,N/A,N/A,N/A,N/A
CATEGORY,blue_team.monitoring.host,host,1,N/A,N/A,N/A,N/A,N/A,N/A,N/A
COMPETENCY,blue_team.monitoring.host.windows,windows,N/A,__DEFINE_COMPETENCY_TITLE__,__DEFINE_COMPETENCY_DESCRIPTION__,__DEFINE_CRITERIA__,__DEFINE_CRITERIA__,__DEFINE_CRITERIA__,__DEFINE_CRITERIA__,__DEFINE_CRITERIA__
COMPETENCY,blue_team.monitoring.host.linux,linux,N/A,__DEFINE_COMPETENCY_TITLE__,__DEFINE_COMPETENCY_DESCRIPTION__,__DEFINE_CRITERIA__,__DEFINE_CRITERIA__,__DEFINE_CRITERIA__,__DEFINE_CRITERIA__,__DEFINE_CRITERIA__
COMPETENCY,blue_team.monitoring.host.macos,macos,N/A,__DEFINE_COMPETENCY_TITLE__,__DEFINE_COMPETENCY_DESCRIPTION__,__DEFINE_CRITERIA__,__DEFINE_CRITERIA__,__DEFINE_CRITERIA__,__DEFINE_CRITERIA__,__DEFINE_CRITERIA__
CATEGORY,blue_team.monitoring.application,application,1,N/A,N/A,N/A,N/A,N/A,N/A,N/A
COMPETENCY,blue_team.monitoring.application.web,web,N/A,__DEFINE_COMPETENCY_TITLE__,__DEFINE_COMPETENCY_DESCRIPTION__,__DEFINE_CRITERIA__,__DEFINE_CRITERIA__,__DEFINE_CRITERIA__,__DEFINE_CRITERIA__,__DEFINE_CRITERIA__
COMPETENCY,blue_team.monitoring.application.enterprise,enterprise,N/A,__DEFINE_COMPETENCY_TITLE__,__DEFINE_COMPETENCY_DESCRIPTION__,__DEFINE_CRITERIA__,__DEFINE_CRITERIA__,__DEFINE_CRITERIA__,__DEFINE_CRITERIA__,__DEFINE_CRITERIA__
COMPETENCY,blue_team.monitoring.application.remote_access,remote_access,N/A,__DEFINE_COMPETENCY_TITLE__,__DEFINE_COMPETENCY_DESCRIPTION__,__DEFINE_CRITERIA__,__DEFINE_CRITERIA__,__DEFINE_CRITERIA__,__DEFINE_CRITERIA__,__DEFINE_CRITERIA__
CATEGORY,blue_team.monitoring.network,network,1,N/A,N/A,N/A,N/A,N/A,N/A,N/A
CATEGORY,blue_team.monitoring.network.packet_capture,packet_capture,1,N/A,N/A,N/A,N/A,N/A,N/A,N/A
COMPETENCY,blue_team.monitoring.network.packet_capture.ha_and_scalability,ha_and_scalability,N/A,__DEFINE_COMPETENCY_TITLE__,__DEFINE_COMPETENCY_DESCRIPTION__,__DEFINE_CRITERIA__,__DEFINE_CRITERIA__,__DEFINE_CRITERIA__,__DEFINE_CRITERIA__,__DEFINE_CRITERIA__
COMPETENCY,blue_team.monitoring.network.packet_capture.common_tools,common_tools,N/A,__DEFINE_COMPETENCY_TITLE__,__DEFINE_COMPETENCY_DESCRIPTION__,__DEFINE_CRITERIA__,__DEFINE_CRITERIA__,__DEFINE_CRITERIA__,__DEFINE_CRITERIA__,__DEFINE_CRITERIA__
COMPETENCY,blue_team.monitoring.network.packet_capture.source_spoofing_considerations,source_spoofing_considerations,N/A,__DEFINE_COMPETENCY_TITLE__,__DEFINE_COMPETENCY_DESCRIPTION__,__DEFINE_CRITERIA__,__DEFINE_CRITERIA__,__DEFINE_CRITERIA__,__DEFINE_CRITERIA__,__DEFINE_CRITERIA__
COMPETENCY,blue_team.monitoring.network.valuable_protocols,valuable_protocols,N/A,__DEFINE_COMPETENCY_TITLE__,__DEFINE_COMPETENCY_DESCRIPTION__,__DEFINE_CRITERIA__,__DEFINE_CRITERIA__,__DEFINE_CRITERIA__,__DEFINE_CRITERIA__,__DEFINE_CRITERIA__
CATEGORY,blue_team.monitoring.logging,logging,1,N/A,N/A,N/A,N/A,N/A,N/A,N/A
COMPETENCY,blue_team.monitoring.logging.architecture,architecture,N/A,__DEFINE_COMPETENCY_TITLE__,__DEFINE_COMPETENCY_DESCRIPTION__,__DEFINE_CRITERIA__,__DEFINE_CRITERIA__,__DEFINE_CRITERIA__,__DEFINE_CRITERIA__,__DEFINE_CRITERIA__
COMPETENCY,blue_team.monitoring.logging.formatting,formatting,N/A,__DEFINE_COMPETENCY_TITLE__,__DEFINE_COMPETENCY_DESCRIPTION__,__DEFINE_CRITERIA__,__DEFINE_CRITERIA__,__DEFINE_CRITERIA__,__DEFINE_CRITERIA__,__DEFINE_CRITERIA__
COMPETENCY,blue_team.monitoring.logging.processing,processing,N/A,__DEFINE_COMPETENCY_TITLE__,__DEFINE_COMPETENCY_DESCRIPTION__,__DEFINE_CRITERIA__,__DEFINE_CRITERIA__,__DEFINE_CRITERIA__,__DEFINE_CRITERIA__,__DEFINE_CRITERIA__
COMPETENCY,blue_team.monitoring.logging.searching,searching,N/A,__DEFINE_COMPETENCY_TITLE__,__DEFINE_COMPETENCY_DESCRIPTION__,__DEFINE_CRITERIA__,__DEFINE_CRITERIA__,__DEFINE_CRITERIA__,__DEFINE_CRITERIA__,__DEFINE_CRITERIA__
COMPETENCY,blue_team.monitoring.logging.storage,storage,N/A,__DEFINE_COMPETENCY_TITLE__,__DEFINE_COMPETENCY_DESCRIPTION__,__DEFINE_CRITERIA__,__DEFINE_CRITERIA__,__DEFINE_CRITERIA__,__DEFINE_CRITERIA__,__DEFINE_CRITERIA__
CATEGORY,blue_team.detection,detection,1,N/A,N/A,N/A,N/A,N/A,N/A,N/A
CATEGORY,blue_team.detection.techniques,techniques,1,N/A,N/A,N/A,N/A,N/A,N/A,N/A
COMPETENCY,blue_team.detection.techniques.static_signature,static_signature,N/A,__DEFINE_COMPETENCY_TITLE__,__DEFINE_COMPETENCY_DESCRIPTION__,__DEFINE_CRITERIA__,__DEFINE_CRITERIA__,__DEFINE_CRITERIA__,__DEFINE_CRITERIA__,__DEFINE_CRITERIA__
COMPETENCY,blue_team.detection.techniques.anomaly_based,anomaly_based,N/A,__DEFINE_COMPETENCY_TITLE__,__DEFINE_COMPETENCY_DESCRIPTION__,__DEFINE_CRITERIA__,__DEFINE_CRITERIA__,__DEFINE_CRITERIA__,__DEFINE_CRITERIA__,__DEFINE_CRITERIA__
COMPETENCY,blue_team.detection.techniques.behavioral,behavioral,N/A,__DEFINE_COMPETENCY_TITLE__,__DEFINE_COMPETENCY_DESCRIPTION__,__DEFINE_CRITERIA__,__DEFINE_CRITERIA__,__DEFINE_CRITERIA__,__DEFINE_CRITERIA__,__DEFINE_CRITERIA__
COMPETENCY,blue_team.detection.techniques.machine_learning,machine_learning,N/A,__DEFINE_COMPETENCY_TITLE__,__DEFINE_COMPETENCY_DESCRIPTION__,__DEFINE_CRITERIA__,__DEFINE_CRITERIA__,__DEFINE_CRITERIA__,__DEFINE_CRITERIA__,__DEFINE_CRITERIA__
CATEGORY,blue_team.detection.automation,automation,1,N/A,N/A,N/A,N/A,N/A,N/A,N/A
COMPETENCY,blue_team.detection.automation.apis,apis,N/A,__DEFINE_COMPETENCY_TITLE__,__DEFINE_COMPETENCY_DESCRIPTION__,__DEFINE_CRITERIA__,__DEFINE_CRITERIA__,__DEFINE_CRITERIA__,__DEFINE_CRITERIA__,__DEFINE_CRITERIA__
COMPETENCY,blue_team.detection.automation.scripting,scripting,N/A,__DEFINE_COMPETENCY_TITLE__,__DEFINE_COMPETENCY_DESCRIPTION__,__DEFINE_CRITERIA__,__DEFINE_CRITERIA__,__DEFINE_CRITERIA__,__DEFINE_CRITERIA__,__DEFINE_CRITERIA__
COMPETENCY,blue_team.detection.scalability,scalability,N/A,__DEFINE_COMPETENCY_TITLE__,__DEFINE_COMPETENCY_DESCRIPTION__,__DEFINE_CRITERIA__,__DEFINE_CRITERIA__,__DEFINE_CRITERIA__,__DEFINE_CRITERIA__,__DEFINE_CRITERIA__
CATEGORY,blue_team.response,response,1,N/A,N/A,N/A,N/A,N/A,N/A,N/A
CATEGORY,blue_team.response.reverse_engineering,reverse_engineering,1,N/A,N/A,N/A,N/A,N/A,N/A,N/A
COMPETENCY,blue_team.response.reverse_engineering.static_analysis,static_analysis,N/A,__DEFINE_COMPETENCY_TITLE__,__DEFINE_COMPETENCY_DESCRIPTION__,__DEFINE_CRITERIA__,__DEFINE_CRITERIA__,__DEFINE_CRITERIA__,__DEFINE_CRITERIA__,__DEFINE_CRITERIA__
COMPETENCY,blue_team.response.reverse_engineering.dynamic_analysis,dynamic_analysis,N/A,__DEFINE_COMPETENCY_TITLE__,__DEFINE_COMPETENCY_DESCRIPTION__,__DEFINE_CRITERIA__,__DEFINE_CRITERIA__,__DEFINE_CRITERIA__,__DEFINE_CRITERIA__,__DEFINE_CRITERIA__
COMPETENCY,blue_team.response.reverse_engineering.evasion,evasion,N/A,__DEFINE_COMPETENCY_TITLE__,__DEFINE_COMPETENCY_DESCRIPTION__,__DEFINE_CRITERIA__,__DEFINE_CRITERIA__,__DEFINE_CRITERIA__,__DEFINE_CRITERIA__,__DEFINE_CRITERIA__
COMPETENCY,blue_team.response.reverse_engineering.protocol_analysis,protocol_analysis,N/A,__DEFINE_COMPETENCY_TITLE__,__DEFINE_COMPETENCY_DESCRIPTION__,__DEFINE_CRITERIA__,__DEFINE_CRITERIA__,__DEFINE_CRITERIA__,__DEFINE_CRITERIA__,__DEFINE_CRITERIA__
CATEGORY,blue_team.response.remediation,remediation,1,N/A,N/A,N/A,N/A,N/A,N/A,N/A
COMPETENCY,blue_team.response.remediation.pyramid_of_pain,pyramid_of_pain,N/A,__DEFINE_COMPETENCY_TITLE__,__DEFINE_COMPETENCY_DESCRIPTION__,__DEFINE_CRITERIA__,__DEFINE_CRITERIA__,__DEFINE_CRITERIA__,__DEFINE_CRITERIA__,__DEFINE_CRITERIA__
COMPETENCY,blue_team.response.remediation.ir_life_cycle,ir_life_cycle,N/A,__DEFINE_COMPETENCY_TITLE__,__DEFINE_COMPETENCY_DESCRIPTION__,__DEFINE_CRITERIA__,__DEFINE_CRITERIA__,__DEFINE_CRITERIA__,__DEFINE_CRITERIA__,__DEFINE_CRITERIA__
COMPETENCY,blue_team.response.remediation.containment_techniques,containment_techniques,N/A,__DEFINE_COMPETENCY_TITLE__,__DEFINE_COMPETENCY_DESCRIPTION__,__DEFINE_CRITERIA__,__DEFINE_CRITERIA__,__DEFINE_CRITERIA__,__DEFINE_CRITERIA__,__DEFINE_CRITERIA__
COMPETENCY,blue_team.response.remediation.eradication_principles,eradication_principles,N/A,__DEFINE_COMPETENCY_TITLE__,__DEFINE_COMPETENCY_DESCRIPTION__,__DEFINE_CRITERIA__,__DEFINE_CRITERIA__,__DEFINE_CRITERIA__,__DEFINE_CRITERIA__,__DEFINE_CRITERIA__
CATEGORY,blue_team.response.crisis,crisis,1,N/A,N/A,N/A,N/A,N/A,N/A,N/A
COMPETENCY,blue_team.response.crisis.communication,communication,N/A,__DEFINE_COMPETENCY_TITLE__,__DEFINE_COMPETENCY_DESCRIPTION__,__DEFINE_CRITERIA__,__DEFINE_CRITERIA__,__DEFINE_CRITERIA__,__DEFINE_CRITERIA__,__DEFINE_CRITERIA__
COMPETENCY,blue_team.response.crisis.priority,priority,N/A,__DEFINE_COMPETENCY_TITLE__,__DEFINE_COMPETENCY_DESCRIPTION__,__DEFINE_CRITERIA__,__DEFINE_CRITERIA__,__DEFINE_CRITERIA__,__DEFINE_CRITERIA__,__DEFINE_CRITERIA__
COMPETENCY,blue_team.response.crisis.documentation,documentation,N/A,__DEFINE_COMPETENCY_TITLE__,__DEFINE_COMPETENCY_DESCRIPTION__,__DEFINE_CRITERIA__,__DEFINE_CRITERIA__,__DEFINE_CRITERIA__,__DEFINE_CRITERIA__,__DEFINE_CRITERIA__
CATEGORY,blue_team.threat_intel,threat_intel,1,N/A,N/A,N/A,N/A,N/A,N/A,N/A
CATEGORY,blue_team.threat_intel.opsec,opsec,1,N/A,N/A,N/A,N/A,N/A,N/A,N/A
COMPETENCY,blue_team.threat_intel.opsec.host,host,N/A,__DEFINE_COMPETENCY_TITLE__,__DEFINE_COMPETENCY_DESCRIPTION__,__DEFINE_CRITERIA__,__DEFINE_CRITERIA__,__DEFINE_CRITERIA__,__DEFINE_CRITERIA__,__DEFINE_CRITERIA__
COMPETENCY,blue_team.threat_intel.opsec.network,network,N/A,__DEFINE_COMPETENCY_TITLE__,__DEFINE_COMPETENCY_DESCRIPTION__,__DEFINE_CRITERIA__,__DEFINE_CRITERIA__,__DEFINE_CRITERIA__,__DEFINE_CRITERIA__,__DEFINE_CRITERIA__
COMPETENCY,blue_team.threat_intel.opsec.geographic_considerations,geographic_considerations,N/A,__DEFINE_COMPETENCY_TITLE__,__DEFINE_COMPETENCY_DESCRIPTION__,__DEFINE_CRITERIA__,__DEFINE_CRITERIA__,__DEFINE_CRITERIA__,__DEFINE_CRITERIA__,__DEFINE_CRITERIA__
COMPETENCY,blue_team.threat_intel.opsec.fingerprinting,fingerprinting,N/A,__DEFINE_COMPETENCY_TITLE__,__DEFINE_COMPETENCY_DESCRIPTION__,__DEFINE_CRITERIA__,__DEFINE_CRITERIA__,__DEFINE_CRITERIA__,__DEFINE_CRITERIA__,__DEFINE_CRITERIA__
COMPETENCY,blue_team.threat_intel.opsec.persona_management,persona_management,N/A,__DEFINE_COMPETENCY_TITLE__,__DEFINE_COMPETENCY_DESCRIPTION__,__DEFINE_CRITERIA__,__DEFINE_CRITERIA__,__DEFINE_CRITERIA__,__DEFINE_CRITERIA__,__DEFINE_CRITERIA__
COMPETENCY,blue_team.threat_intel.ioc_sharing,ioc_sharing,N/A,__DEFINE_COMPETENCY_TITLE__,__DEFINE_COMPETENCY_DESCRIPTION__,__DEFINE_CRITERIA__,__DEFINE_CRITERIA__,__DEFINE_CRITERIA__,__DEFINE_CRITERIA__,__DEFINE_CRITERIA__
COMPETENCY,blue_team.threat_intel.traffic_light_protocol,traffic_light_protocol,N/A,__DEFINE_COMPETENCY_TITLE__,__DEFINE_COMPETENCY_DESCRIPTION__,__DEFINE_CRITERIA__,__DEFINE_CRITERIA__,__DEFINE_CRITERIA__,__DEFINE_CRITERIA__,__DEFINE_CRITERIA__
COMPETENCY,blue_team.threat_intel.severities_vs_impact,severities_vs_impact,N/A,__DEFINE_COMPETENCY_TITLE__,__DEFINE_COMPETENCY_DESCRIPTION__,__DEFINE_CRITERIA__,__DEFINE_CRITERIA__,__DEFINE_CRITERIA__,__DEFINE_CRITERIA__,__DEFINE_CRITERIA__
CATEGORY,blue_team.forensics,forensics,1,N/A,N/A,N/A,N/A,N/A,N/A,N/A
CATEGORY,blue_team.forensics.legal,legal,1,N/A,N/A,N/A,N/A,N/A,N/A,N/A
COMPETENCY,blue_team.forensics.legal.chain_of_custody,chain_of_custody,N/A,__DEFINE_COMPETENCY_TITLE__,__DEFINE_COMPETENCY_DESCRIPTION__,__DEFINE_CRITERIA__,__DEFINE_CRITERIA__,__DEFINE_CRITERIA__,__DEFINE_CRITERIA__,__DEFINE_CRITERIA__
COMPETENCY,blue_team.forensics.legal.privilege,privilege,N/A,__DEFINE_COMPETENCY_TITLE__,__DEFINE_COMPETENCY_DESCRIPTION__,__DEFINE_CRITERIA__,__DEFINE_CRITERIA__,__DEFINE_CRITERIA__,__DEFINE_CRITERIA__,__DEFINE_CRITERIA__
COMPETENCY,blue_team.forensics.legal.diligence_and_documentation,diligence_and_documentation,N/A,__DEFINE_COMPETENCY_TITLE__,__DEFINE_COMPETENCY_DESCRIPTION__,__DEFINE_CRITERIA__,__DEFINE_CRITERIA__,__DEFINE_CRITERIA__,__DEFINE_CRITERIA__,__DEFINE_CRITERIA__
CATEGORY,blue_team.forensics.collection,collection,1,N/A,N/A,N/A,N/A,N/A,N/A,N/A
COMPETENCY,blue_team.forensics.collection.desktop_oses,desktop_oses,N/A,__DEFINE_COMPETENCY_TITLE__,__DEFINE_COMPETENCY_DESCRIPTION__,__DEFINE_CRITERIA__,__DEFINE_CRITERIA__,__DEFINE_CRITERIA__,__DEFINE_CRITERIA__,__DEFINE_CRITERIA__
COMPETENCY,blue_team.forensics.collection.mobile_oses,mobile_oses,N/A,__DEFINE_COMPETENCY_TITLE__,__DEFINE_COMPETENCY_DESCRIPTION__,__DEFINE_CRITERIA__,__DEFINE_CRITERIA__,__DEFINE_CRITERIA__,__DEFINE_CRITERIA__,__DEFINE_CRITERIA__
COMPETENCY,blue_team.forensics.collection.network,network,N/A,__DEFINE_COMPETENCY_TITLE__,__DEFINE_COMPETENCY_DESCRIPTION__,__DEFINE_CRITERIA__,__DEFINE_CRITERIA__,__DEFINE_CRITERIA__,__DEFINE_CRITERIA__,__DEFINE_CRITERIA__
COMPETENCY,blue_team.forensics.collection.memory,memory,N/A,__DEFINE_COMPETENCY_TITLE__,__DEFINE_COMPETENCY_DESCRIPTION__,__DEFINE_CRITERIA__,__DEFINE_CRITERIA__,__DEFINE_CRITERIA__,__DEFINE_CRITERIA__,__DEFINE_CRITERIA__
COMPETENCY,blue_team.forensics.collection.encryption,encryption,N/A,__DEFINE_COMPETENCY_TITLE__,__DEFINE_COMPETENCY_DESCRIPTION__,__DEFINE_CRITERIA__,__DEFINE_CRITERIA__,__DEFINE_CRITERIA__,__DEFINE_CRITERIA__,__DEFINE_CRITERIA__
CATEGORY,blue_team.forensics.analysis,analysis,1,N/A,N/A,N/A,N/A,N/A,N/A,N/A
COMPETENCY,blue_team.forensics.analysis.steganography,steganography,N/A,__DEFINE_COMPETENCY_TITLE__,__DEFINE_COMPETENCY_DESCRIPTION__,__DEFINE_CRITERIA__,__DEFINE_CRITERIA__,__DEFINE_CRITERIA__,__DEFINE_CRITERIA__,__DEFINE_CRITERIA__
COMPETENCY,blue_team.forensics.analysis.data_carving,data_carving,N/A,__DEFINE_COMPETENCY_TITLE__,__DEFINE_COMPETENCY_DESCRIPTION__,__DEFINE_CRITERIA__,__DEFINE_CRITERIA__,__DEFINE_CRITERIA__,__DEFINE_CRITERIA__,__DEFINE_CRITERIA__
COMPETENCY,blue_team.forensics.analysis.memory,memory,N/A,__DEFINE_COMPETENCY_TITLE__,__DEFINE_COMPETENCY_DESCRIPTION__,__DEFINE_CRITERIA__,__DEFINE_CRITERIA__,__DEFINE_CRITERIA__,__DEFINE_CRITERIA__,__DEFINE_CRITERIA__
COMPETENCY,blue_team.forensics.analysis.temporal_analysis,temporal_analysis,N/A,__DEFINE_COMPETENCY_TITLE__,__DEFINE_COMPETENCY_DESCRIPTION__,__DEFINE_CRITERIA__,__DEFINE_CRITERIA__,__DEFINE_CRITERIA__,__DEFINE_CRITERIA__,__DEFINE_CRITERIA__
COMPETENCY,blue_team.forensics.analysis.deobfuscation,deobfuscation,N/A,__DEFINE_COMPETENCY_TITLE__,__DEFINE_COMPETENCY_DESCRIPTION__,__DEFINE_CRITERIA__,__DEFINE_CRITERIA__,__DEFINE_CRITERIA__,__DEFINE_CRITERIA__,__DEFINE_CRITERIA__
CATEGORY,blue_team.forensics.analysis.file_systems,file_systems,1,N/A,N/A,N/A,N/A,N/A,N/A,N/A
COMPETENCY,blue_team.forensics.analysis.file_systems.boot_records,boot_records,N/A,__DEFINE_COMPETENCY_TITLE__,__DEFINE_COMPETENCY_DESCRIPTION__,__DEFINE_CRITERIA__,__DEFINE_CRITERIA__,__DEFINE_CRITERIA__,__DEFINE_CRITERIA__,__DEFINE_CRITERIA__
COMPETENCY,blue_team.forensics.analysis.file_systems.file_tables,file_tables,N/A,__DEFINE_COMPETENCY_TITLE__,__DEFINE_COMPETENCY_DESCRIPTION__,__DEFINE_CRITERIA__,__DEFINE_CRITERIA__,__DEFINE_CRITERIA__,__DEFINE_CRITERIA__,__DEFINE_CRITERIA__
COMPETENCY,blue_team.forensics.analysis.file_systems.inodes,inodes,N/A,__DEFINE_COMPETENCY_TITLE__,__DEFINE_COMPETENCY_DESCRIPTION__,__DEFINE_CRITERIA__,__DEFINE_CRITERIA__,__DEFINE_CRITERIA__,__DEFINE_CRITERIA__,__DEFINE_CRITERIA__
COMPETENCY,blue_team.forensics.analysis.file_systems.encrypted_volumes,encrypted_volumes,N/A,__DEFINE_COMPETENCY_TITLE__,__DEFINE_COMPETENCY_DESCRIPTION__,__DEFINE_CRITERIA__,__DEFINE_CRITERIA__,__DEFINE_CRITERIA__,__DEFINE_CRITERIA__,__DEFINE_CRITERIA__
COMPETENCY,blue_team.forensics.analysis.file_systems.slack_space,slack_space,N/A,__DEFINE_COMPETENCY_TITLE__,__DEFINE_COMPETENCY_DESCRIPTION__,__DEFINE_CRITERIA__,__DEFINE_CRITERIA__,__DEFINE_CRITERIA__,__DEFINE_CRITERIA__,__DEFINE_CRITERIA__
CATEGORY,,red_team,1,N/A,N/A,N/A,N/A,N/A,N/A,N/A
CATEGORY,red_team.objectives,objectives,1,N/A,N/A,N/A,N/A,N/A,N/A,N/A
COMPETENCY,red_team.objectives.scope,scope,N/A,__DEFINE_COMPETENCY_TITLE__,__DEFINE_COMPETENCY_DESCRIPTION__,__DEFINE_CRITERIA__,__DEFINE_CRITERIA__,__DEFINE_CRITERIA__,__DEFINE_CRITERIA__,__DEFINE_CRITERIA__
COMPETENCY,red_team.objectives.rules_of_engagement,rules_of_engagement,N/A,__DEFINE_COMPETENCY_TITLE__,__DEFINE_COMPETENCY_DESCRIPTION__,__DEFINE_CRITERIA__,__DEFINE_CRITERIA__,__DEFINE_CRITERIA__,__DEFINE_CRITERIA__,__DEFINE_CRITERIA__
COMPETENCY,red_team.objectives.statement_of_work,statement_of_work,N/A,__DEFINE_COMPETENCY_TITLE__,__DEFINE_COMPETENCY_DESCRIPTION__,__DEFINE_CRITERIA__,__DEFINE_CRITERIA__,__DEFINE_CRITERIA__,__DEFINE_CRITERIA__,__DEFINE_CRITERIA__
COMPETENCY,red_team.osint,osint,N/A,__DEFINE_COMPETENCY_TITLE__,__DEFINE_COMPETENCY_DESCRIPTION__,__DEFINE_CRITERIA__,__DEFINE_CRITERIA__,__DEFINE_CRITERIA__,__DEFINE_CRITERIA__,__DEFINE_CRITERIA__
COMPETENCY,red_team.vulnerability_analysis,vulnerability_analysis,N/A,__DEFINE_COMPETENCY_TITLE__,__DEFINE_COMPETENCY_DESCRIPTION__,__DEFINE_CRITERIA__,__DEFINE_CRITERIA__,__DEFINE_CRITERIA__,__DEFINE_CRITERIA__,__DEFINE_CRITERIA__
CATEGORY,red_team.exploitation,exploitation,1,N/A,N/A,N/A,N/A,N/A,N/A,N/A
COMPETENCY,red_team.exploitation.remote,remote,N/A,__DEFINE_COMPETENCY_TITLE__,__DEFINE_COMPETENCY_DESCRIPTION__,__DEFINE_CRITERIA__,__DEFINE_CRITERIA__,__DEFINE_CRITERIA__,__DEFINE_CRITERIA__,__DEFINE_CRITERIA__
COMPETENCY,red_team.exploitation.local_privilege_escalation,local_privilege_escalation,N/A,__DEFINE_COMPETENCY_TITLE__,__DEFINE_COMPETENCY_DESCRIPTION__,__DEFINE_CRITERIA__,__DEFINE_CRITERIA__,__DEFINE_CRITERIA__,__DEFINE_CRITERIA__,__DEFINE_CRITERIA__
COMPETENCY,red_team.exploitation.web,web,N/A,__DEFINE_COMPETENCY_TITLE__,__DEFINE_COMPETENCY_DESCRIPTION__,__DEFINE_CRITERIA__,__DEFINE_CRITERIA__,__DEFINE_CRITERIA__,__DEFINE_CRITERIA__,__DEFINE_CRITERIA__
COMPETENCY,red_team.exploitation.phishing,phishing,N/A,__DEFINE_COMPETENCY_TITLE__,__DEFINE_COMPETENCY_DESCRIPTION__,__DEFINE_CRITERIA__,__DEFINE_CRITERIA__,__DEFINE_CRITERIA__,__DEFINE_CRITERIA__,__DEFINE_CRITERIA__
CATEGORY,red_team.attack,attack,1,N/A,N/A,N/A,N/A,N/A,N/A,N/A
COMPETENCY,red_team.attack.lateral_movement,lateral_movement,N/A,__DEFINE_COMPETENCY_TITLE__,__DEFINE_COMPETENCY_DESCRIPTION__,__DEFINE_CRITERIA__,__DEFINE_CRITERIA__,__DEFINE_CRITERIA__,__DEFINE_CRITERIA__,__DEFINE_CRITERIA__
COMPETENCY,red_team.attack.tunneling,tunneling,N/A,__DEFINE_COMPETENCY_TITLE__,__DEFINE_COMPETENCY_DESCRIPTION__,__DEFINE_CRITERIA__,__DEFINE_CRITERIA__,__DEFINE_CRITERIA__,__DEFINE_CRITERIA__,__DEFINE_CRITERIA__
COMPETENCY,red_team.attack.covering_tracks,covering_tracks,N/A,__DEFINE_COMPETENCY_TITLE__,__DEFINE_COMPETENCY_DESCRIPTION__,__DEFINE_CRITERIA__,__DEFINE_CRITERIA__,__DEFINE_CRITERIA__,__DEFINE_CRITERIA__,__DEFINE_CRITERIA__
COMPETENCY,red_team.attack.avoiding_detection,avoiding_detection,N/A,__DEFINE_COMPETENCY_TITLE__,__DEFINE_COMPETENCY_DESCRIPTION__,__DEFINE_CRITERIA__,__DEFINE_CRITERIA__,__DEFINE_CRITERIA__,__DEFINE_CRITERIA__,__DEFINE_CRITERIA__
COMPETENCY,red_team.attack.client_considerations,client_considerations,N/A,__DEFINE_COMPETENCY_TITLE__,__DEFINE_COMPETENCY_DESCRIPTION__,__DEFINE_CRITERIA__,__DEFINE_CRITERIA__,__DEFINE_CRITERIA__,__DEFINE_CRITERIA__,__DEFINE_CRITERIA__
CATEGORY,red_team.persist,persist,1,N/A,N/A,N/A,N/A,N/A,N/A,N/A
COMPETENCY,red_team.persist.windows,windows,N/A,__DEFINE_COMPETENCY_TITLE__,__DEFINE_COMPETENCY_DESCRIPTION__,__DEFINE_CRITERIA__,__DEFINE_CRITERIA__,__DEFINE_CRITERIA__,__DEFINE_CRITERIA__,__DEFINE_CRITERIA__
COMPETENCY,red_team.persist.linux,linux,N/A,__DEFINE_COMPETENCY_TITLE__,__DEFINE_COMPETENCY_DESCRIPTION__,__DEFINE_CRITERIA__,__DEFINE_CRITERIA__,__DEFINE_CRITERIA__,__DEFINE_CRITERIA__,__DEFINE_CRITERIA__
COMPETENCY,red_team.persist.macos,macos,N/A,__DEFINE_COMPETENCY_TITLE__,__DEFINE_COMPETENCY_DESCRIPTION__,__DEFINE_CRITERIA__,__DEFINE_CRITERIA__,__DEFINE_CRITERIA__,__DEFINE_CRITERIA__,__DEFINE_CRITERIA__
COMPETENCY,red_team.persist.web,web,N/A,__DEFINE_COMPETENCY_TITLE__,__DEFINE_COMPETENCY_DESCRIPTION__,__DEFINE_CRITERIA__,__DEFINE_CRITERIA__,__DEFINE_CRITERIA__,__DEFINE_CRITERIA__,__DEFINE_CRITERIA__
COMPETENCY,red_team.persist.code,code,N/A,__DEFINE_COMPETENCY_TITLE__,__DEFINE_COMPETENCY_DESCRIPTION__,__DEFINE_CRITERIA__,__DEFINE_CRITERIA__,__DEFINE_CRITERIA__,__DEFINE_CRITERIA__,__DEFINE_CRITERIA__
COMPETENCY,red_team.persist.configs,configs,N/A,__DEFINE_COMPETENCY_TITLE__,__DEFINE_COMPETENCY_DESCRIPTION__,__DEFINE_CRITERIA__,__DEFINE_CRITERIA__,__DEFINE_CRITERIA__,__DEFINE_CRITERIA__,__DEFINE_CRITERIA__
CATEGORY,red_team.post_exploitation,post_exploitation,1,N/A,N/A,N/A,N/A,N/A,N/A,N/A
COMPETENCY,red_team.post_exploitation.files,files,N/A,__DEFINE_COMPETENCY_TITLE__,__DEFINE_COMPETENCY_DESCRIPTION__,__DEFINE_CRITERIA__,__DEFINE_CRITERIA__,__DEFINE_CRITERIA__,__DEFINE_CRITERIA__,__DEFINE_CRITERIA__
COMPETENCY,red_team.post_exploitation.os_creds,os_creds,N/A,__DEFINE_COMPETENCY_TITLE__,__DEFINE_COMPETENCY_DESCRIPTION__,__DEFINE_CRITERIA__,__DEFINE_CRITERIA__,__DEFINE_CRITERIA__,__DEFINE_CRITERIA__,__DEFINE_CRITERIA__
COMPETENCY,red_team.post_exploitation.enterprise_creds,enterprise_creds,N/A,__DEFINE_COMPETENCY_TITLE__,__DEFINE_COMPETENCY_DESCRIPTION__,__DEFINE_CRITERIA__,__DEFINE_CRITERIA__,__DEFINE_CRITERIA__,__DEFINE_CRITERIA__,__DEFINE_CRITERIA__
COMPETENCY,red_team.post_exploitation.application_creds,application_creds,N/A,__DEFINE_COMPETENCY_TITLE__,__DEFINE_COMPETENCY_DESCRIPTION__,__DEFINE_CRITERIA__,__DEFINE_CRITERIA__,__DEFINE_CRITERIA__,__DEFINE_CRITERIA__,__DEFINE_CRITERIA__
CATEGORY,red_team.implants,implants,1,N/A,N/A,N/A,N/A,N/A,N/A,N/A
COMPETENCY,red_team.implants.stagers_and_droppers,stagers_and_droppers,N/A,__DEFINE_COMPETENCY_TITLE__,__DEFINE_COMPETENCY_DESCRIPTION__,__DEFINE_CRITERIA__,__DEFINE_CRITERIA__,__DEFINE_CRITERIA__,__DEFINE_CRITERIA__,__DEFINE_CRITERIA__
COMPETENCY,red_team.implants.user_space_vs_kernel_space,user_space_vs_kernel_space,N/A,__DEFINE_COMPETENCY_TITLE__,__DEFINE_COMPETENCY_DESCRIPTION__,__DEFINE_CRITERIA__,__DEFINE_CRITERIA__,__DEFINE_CRITERIA__,__DEFINE_CRITERIA__,__DEFINE_CRITERIA__
COMPETENCY,red_team.implants.local_vs_remote,local_vs_remote,N/A,__DEFINE_COMPETENCY_TITLE__,__DEFINE_COMPETENCY_DESCRIPTION__,__DEFINE_CRITERIA__,__DEFINE_CRITERIA__,__DEFINE_CRITERIA__,__DEFINE_CRITERIA__,__DEFINE_CRITERIA__
COMPETENCY,red_team.implants.reverse_vs_bind,reverse_vs_bind,N/A,__DEFINE_COMPETENCY_TITLE__,__DEFINE_COMPETENCY_DESCRIPTION__,__DEFINE_CRITERIA__,__DEFINE_CRITERIA__,__DEFINE_CRITERIA__,__DEFINE_CRITERIA__,__DEFINE_CRITERIA__
CATEGORY,red_team.implants.command_and_control,command_and_control,1,N/A,N/A,N/A,N/A,N/A,N/A,N/A
COMPETENCY,red_team.implants.command_and_control.covert_channels,covert_channels,N/A,__DEFINE_COMPETENCY_TITLE__,__DEFINE_COMPETENCY_DESCRIPTION__,__DEFINE_CRITERIA__,__DEFINE_CRITERIA__,__DEFINE_CRITERIA__,__DEFINE_CRITERIA__,__DEFINE_CRITERIA__
COMPETENCY,red_team.implants.command_and_control.avoiding_detection,avoiding_detection,N/A,__DEFINE_COMPETENCY_TITLE__,__DEFINE_COMPETENCY_DESCRIPTION__,__DEFINE_CRITERIA__,__DEFINE_CRITERIA__,__DEFINE_CRITERIA__,__DEFINE_CRITERIA__,__DEFINE_CRITERIA__
COMPETENCY,red_team.implants.command_and_control.anti_tampering,anti_tampering,N/A,__DEFINE_COMPETENCY_TITLE__,__DEFINE_COMPETENCY_DESCRIPTION__,__DEFINE_CRITERIA__,__DEFINE_CRITERIA__,__DEFINE_CRITERIA__,__DEFINE_CRITERIA__,__DEFINE_CRITERIA__
CATEGORY,red_team.implants.anti_re_techniques,anti_re_techniques,1,N/A,N/A,N/A,N/A,N/A,N/A,N/A
COMPETENCY,red_team.implants.anti_re_techniques.packing_and_encrypting,packing_and_encrypting,N/A,__DEFINE_COMPETENCY_TITLE__,__DEFINE_COMPETENCY_DESCRIPTION__,__DEFINE_CRITERIA__,__DEFINE_CRITERIA__,__DEFINE_CRITERIA__,__DEFINE_CRITERIA__,__DEFINE_CRITERIA__
CATEGORY,red_team.implants.anti_re_techniques.process_injection,process_injection,1,N/A,N/A,N/A,N/A,N/A,N/A,N/A
COMPETENCY,red_team.implants.anti_re_techniques.process_injection.macos,macos,N/A,__DEFINE_COMPETENCY_TITLE__,__DEFINE_COMPETENCY_DESCRIPTION__,__DEFINE_CRITERIA__,__DEFINE_CRITERIA__,__DEFINE_CRITERIA__,__DEFINE_CRITERIA__,__DEFINE_CRITERIA__
COMPETENCY,red_team.implants.anti_re_techniques.process_injection.windows,windows,N/A,__DEFINE_COMPETENCY_TITLE__,__DEFINE_COMPETENCY_DESCRIPTION__,__DEFINE_CRITERIA__,__DEFINE_CRITERIA__,__DEFINE_CRITERIA__,__DEFINE_CRITERIA__,__DEFINE_CRITERIA__
COMPETENCY,red_team.implants.anti_re_techniques.process_injection.linux,linux,N/A,__DEFINE_COMPETENCY_TITLE__,__DEFINE_COMPETENCY_DESCRIPTION__,__DEFINE_CRITERIA__,__DEFINE_CRITERIA__,__DEFINE_CRITERIA__,__DEFINE_CRITERIA__,__DEFINE_CRITERIA__
CATEGORY,,security_engineering,1,N/A,N/A,N/A,N/A,N/A,N/A,N/A
CATEGORY,security_engineering.networking,networking,1,N/A,N/A,N/A,N/A,N/A,N/A,N/A
COMPETENCY,security_engineering.networking.osi_model,osi_model,N/A,__DEFINE_COMPETENCY_TITLE__,__DEFINE_COMPETENCY_DESCRIPTION__,__DEFINE_CRITERIA__,__DEFINE_CRITERIA__,__DEFINE_CRITERIA__,__DEFINE_CRITERIA__,__DEFINE_CRITERIA__
COMPETENCY,security_engineering.networking.stateful_vs_stateless,stateful_vs_stateless,N/A,__DEFINE_COMPETENCY_TITLE__,__DEFINE_COMPETENCY_DESCRIPTION__,__DEFINE_CRITERIA__,__DEFINE_CRITERIA__,__DEFINE_CRITERIA__,__DEFINE_CRITERIA__,__DEFINE_CRITERIA__
CATEGORY,security_engineering.networking.important_protocols,important_protocols,1,N/A,N/A,N/A,N/A,N/A,N/A,N/A
COMPETENCY,security_engineering.networking.important_protocols.csma_ca,csma_ca,N/A,__DEFINE_COMPETENCY_TITLE__,__DEFINE_COMPETENCY_DESCRIPTION__,__DEFINE_CRITERIA__,__DEFINE_CRITERIA__,__DEFINE_CRITERIA__,__DEFINE_CRITERIA__,__DEFINE_CRITERIA__
COMPETENCY,security_engineering.networking.important_protocols.csma_cd,csma_cd,N/A,__DEFINE_COMPETENCY_TITLE__,__DEFINE_COMPETENCY_DESCRIPTION__,__DEFINE_CRITERIA__,__DEFINE_CRITERIA__,__DEFINE_CRITERIA__,__DEFINE_CRITERIA__,__DEFINE_CRITERIA__
COMPETENCY,security_engineering.networking.important_protocols.802_11,802_11,N/A,__DEFINE_COMPETENCY_TITLE__,__DEFINE_COMPETENCY_DESCRIPTION__,__DEFINE_CRITERIA__,__DEFINE_CRITERIA__,__DEFINE_CRITERIA__,__DEFINE_CRITERIA__,__DEFINE_CRITERIA__
COMPETENCY,security_engineering.networking.important_protocols.ethernet_ii_and_802_3,ethernet_ii_and_802_3,N/A,__DEFINE_COMPETENCY_TITLE__,__DEFINE_COMPETENCY_DESCRIPTION__,__DEFINE_CRITERIA__,__DEFINE_CRITERIA__,__DEFINE_CRITERIA__,__DEFINE_CRITERIA__,__DEFINE_CRITERIA__
COMPETENCY,security_engineering.networking.important_protocols.arp,arp,N/A,__DEFINE_COMPETENCY_TITLE__,__DEFINE_COMPETENCY_DESCRIPTION__,__DEFINE_CRITERIA__,__DEFINE_CRITERIA__,__DEFINE_CRITERIA__,__DEFINE_CRITERIA__,__DEFINE_CRITERIA__
COMPETENCY,security_engineering.networking.important_protocols.icmp,icmp,N/A,__DEFINE_COMPETENCY_TITLE__,__DEFINE_COMPETENCY_DESCRIPTION__,__DEFINE_CRITERIA__,__DEFINE_CRITERIA__,__DEFINE_CRITERIA__,__DEFINE_CRITERIA__,__DEFINE_CRITERIA__
COMPETENCY,security_engineering.networking.important_protocols.ip,ip,N/A,__DEFINE_COMPETENCY_TITLE__,__DEFINE_COMPETENCY_DESCRIPTION__,__DEFINE_CRITERIA__,__DEFINE_CRITERIA__,__DEFINE_CRITERIA__,__DEFINE_CRITERIA__,__DEFINE_CRITERIA__
COMPETENCY,security_engineering.networking.important_protocols.ospf,ospf,N/A,__DEFINE_COMPETENCY_TITLE__,__DEFINE_COMPETENCY_DESCRIPTION__,__DEFINE_CRITERIA__,__DEFINE_CRITERIA__,__DEFINE_CRITERIA__,__DEFINE_CRITERIA__,__DEFINE_CRITERIA__
COMPETENCY,security_engineering.networking.important_protocols.stp,stp,N/A,__DEFINE_COMPETENCY_TITLE__,__DEFINE_COMPETENCY_DESCRIPTION__,__DEFINE_CRITERIA__,__DEFINE_CRITERIA__,__DEFINE_CRITERIA__,__DEFINE_CRITERIA__,__DEFINE_CRITERIA__
COMPETENCY,security_engineering.networking.important_protocols.rip,rip,N/A,__DEFINE_COMPETENCY_TITLE__,__DEFINE_COMPETENCY_DESCRIPTION__,__DEFINE_CRITERIA__,__DEFINE_CRITERIA__,__DEFINE_CRITERIA__,__DEFINE_CRITERIA__,__DEFINE_CRITERIA__
COMPETENCY,security_engineering.networking.important_protocols.ipsec,ipsec,N/A,__DEFINE_COMPETENCY_TITLE__,__DEFINE_COMPETENCY_DESCRIPTION__,__DEFINE_CRITERIA__,__DEFINE_CRITERIA__,__DEFINE_CRITERIA__,__DEFINE_CRITERIA__,__DEFINE_CRITERIA__
COMPETENCY,security_engineering.networking.important_protocols.tcp,tcp,N/A,__DEFINE_COMPETENCY_TITLE__,__DEFINE_COMPETENCY_DESCRIPTION__,__DEFINE_CRITERIA__,__DEFINE_CRITERIA__,__DEFINE_CRITERIA__,__DEFINE_CRITERIA__,__DEFINE_CRITERIA__
COMPETENCY,security_engineering.networking.important_protocols.udp,udp,N/A,__DEFINE_COMPETENCY_TITLE__,__DEFINE_COMPETENCY_DESCRIPTION__,__DEFINE_CRITERIA__,__DEFINE_CRITERIA__,__DEFINE_CRITERIA__,__DEFINE_CRITERIA__,__DEFINE_CRITERIA__
COMPETENCY,security_engineering.networking.important_protocols.socks,socks,N/A,__DEFINE_COMPETENCY_TITLE__,__DEFINE_COMPETENCY_DESCRIPTION__,__DEFINE_CRITERIA__,__DEFINE_CRITERIA__,__DEFINE_CRITERIA__,__DEFINE_CRITERIA__,__DEFINE_CRITERIA__
COMPETENCY,security_engineering.networking.important_protocols.ssl_and_tls,ssl_and_tls,N/A,__DEFINE_COMPETENCY_TITLE__,__DEFINE_COMPETENCY_DESCRIPTION__,__DEFINE_CRITERIA__,__DEFINE_CRITERIA__,__DEFINE_CRITERIA__,__DEFINE_CRITERIA__,__DEFINE_CRITERIA__
COMPETENCY,security_engineering.networking.important_protocols.afp,afp,N/A,__DEFINE_COMPETENCY_TITLE__,__DEFINE_COMPETENCY_DESCRIPTION__,__DEFINE_CRITERIA__,__DEFINE_CRITERIA__,__DEFINE_CRITERIA__,__DEFINE_CRITERIA__,__DEFINE_CRITERIA__
COMPETENCY,security_engineering.networking.important_protocols.rtmp,rtmp,N/A,__DEFINE_COMPETENCY_TITLE__,__DEFINE_COMPETENCY_DESCRIPTION__,__DEFINE_CRITERIA__,__DEFINE_CRITERIA__,__DEFINE_CRITERIA__,__DEFINE_CRITERIA__,__DEFINE_CRITERIA__
COMPETENCY,security_engineering.networking.important_protocols.http,http,N/A,__DEFINE_COMPETENCY_TITLE__,__DEFINE_COMPETENCY_DESCRIPTION__,__DEFINE_CRITERIA__,__DEFINE_CRITERIA__,__DEFINE_CRITERIA__,__DEFINE_CRITERIA__,__DEFINE_CRITERIA__
COMPETENCY,security_engineering.networking.important_protocols.dns,dns,N/A,__DEFINE_COMPETENCY_TITLE__,__DEFINE_COMPETENCY_DESCRIPTION__,__DEFINE_CRITERIA__,__DEFINE_CRITERIA__,__DEFINE_CRITERIA__,__DEFINE_CRITERIA__,__DEFINE_CRITERIA__
COMPETENCY,security_engineering.networking.important_protocols.ssh,ssh,N/A,__DEFINE_COMPETENCY_TITLE__,__DEFINE_COMPETENCY_DESCRIPTION__,__DEFINE_CRITERIA__,__DEFINE_CRITERIA__,__DEFINE_CRITERIA__,__DEFINE_CRITERIA__,__DEFINE_CRITERIA__
COMPETENCY,security_engineering.networking.important_protocols.rdp,rdp,N/A,__DEFINE_COMPETENCY_TITLE__,__DEFINE_COMPETENCY_DESCRIPTION__,__DEFINE_CRITERIA__,__DEFINE_CRITERIA__,__DEFINE_CRITERIA__,__DEFINE_CRITERIA__,__DEFINE_CRITERIA__
COMPETENCY,security_engineering.networking.important_protocols.ftp,ftp,N/A,__DEFINE_COMPETENCY_TITLE__,__DEFINE_COMPETENCY_DESCRIPTION__,__DEFINE_CRITERIA__,__DEFINE_CRITERIA__,__DEFINE_CRITERIA__,__DEFINE_CRITERIA__,__DEFINE_CRITERIA__
COMPETENCY,security_engineering.networking.important_protocols.802_1x,802_1x,N/A,__DEFINE_COMPETENCY_TITLE__,__DEFINE_COMPETENCY_DESCRIPTION__,__DEFINE_CRITERIA__,__DEFINE_CRITERIA__,__DEFINE_CRITERIA__,__DEFINE_CRITERIA__,__DEFINE_CRITERIA__
COMPETENCY,security_engineering.networking.important_protocols.https,https,N/A,__DEFINE_COMPETENCY_TITLE__,__DEFINE_COMPETENCY_DESCRIPTION__,__DEFINE_CRITERIA__,__DEFINE_CRITERIA__,__DEFINE_CRITERIA__,__DEFINE_CRITERIA__,__DEFINE_CRITERIA__
COMPETENCY,security_engineering.networking.important_protocols.http_2,http_2,N/A,__DEFINE_COMPETENCY_TITLE__,__DEFINE_COMPETENCY_DESCRIPTION__,__DEFINE_CRITERIA__,__DEFINE_CRITERIA__,__DEFINE_CRITERIA__,__DEFINE_CRITERIA__,__DEFINE_CRITERIA__
COMPETENCY,security_engineering.networking.important_protocols.nfs,nfs,N/A,__DEFINE_COMPETENCY_TITLE__,__DEFINE_COMPETENCY_DESCRIPTION__,__DEFINE_CRITERIA__,__DEFINE_CRITERIA__,__DEFINE_CRITERIA__,__DEFINE_CRITERIA__,__DEFINE_CRITERIA__
COMPETENCY,security_engineering.networking.important_protocols.smb,smb,N/A,__DEFINE_COMPETENCY_TITLE__,__DEFINE_COMPETENCY_DESCRIPTION__,__DEFINE_CRITERIA__,__DEFINE_CRITERIA__,__DEFINE_CRITERIA__,__DEFINE_CRITERIA__,__DEFINE_CRITERIA__
COMPETENCY,security_engineering.networking.important_protocols.pop_3,pop_3,N/A,__DEFINE_COMPETENCY_TITLE__,__DEFINE_COMPETENCY_DESCRIPTION__,__DEFINE_CRITERIA__,__DEFINE_CRITERIA__,__DEFINE_CRITERIA__,__DEFINE_CRITERIA__,__DEFINE_CRITERIA__
COMPETENCY,security_engineering.networking.important_protocols.imap,imap,N/A,__DEFINE_COMPETENCY_TITLE__,__DEFINE_COMPETENCY_DESCRIPTION__,__DEFINE_CRITERIA__,__DEFINE_CRITERIA__,__DEFINE_CRITERIA__,__DEFINE_CRITERIA__,__DEFINE_CRITERIA__
COMPETENCY,security_engineering.networking.important_protocols.smtp,smtp,N/A,__DEFINE_COMPETENCY_TITLE__,__DEFINE_COMPETENCY_DESCRIPTION__,__DEFINE_CRITERIA__,__DEFINE_CRITERIA__,__DEFINE_CRITERIA__,__DEFINE_CRITERIA__,__DEFINE_CRITERIA__
COMPETENCY,security_engineering.networking.important_protocols.dhcp,dhcp,N/A,__DEFINE_COMPETENCY_TITLE__,__DEFINE_COMPETENCY_DESCRIPTION__,__DEFINE_CRITERIA__,__DEFINE_CRITERIA__,__DEFINE_CRITERIA__,__DEFINE_CRITERIA__,__DEFINE_CRITERIA__
COMPETENCY,security_engineering.networking.important_protocols.snmp,snmp,N/A,__DEFINE_COMPETENCY_TITLE__,__DEFINE_COMPETENCY_DESCRIPTION__,__DEFINE_CRITERIA__,__DEFINE_CRITERIA__,__DEFINE_CRITERIA__,__DEFINE_CRITERIA__,__DEFINE_CRITERIA__
COMPETENCY,security_engineering.networking.important_protocols.bgp,bgp,N/A,__DEFINE_COMPETENCY_TITLE__,__DEFINE_COMPETENCY_DESCRIPTION__,__DEFINE_CRITERIA__,__DEFINE_CRITERIA__,__DEFINE_CRITERIA__,__DEFINE_CRITERIA__,__DEFINE_CRITERIA__
COMPETENCY,security_engineering.networking.important_protocols.mdns,mdns,N/A,__DEFINE_COMPETENCY_TITLE__,__DEFINE_COMPETENCY_DESCRIPTION__,__DEFINE_CRITERIA__,__DEFINE_CRITERIA__,__DEFINE_CRITERIA__,__DEFINE_CRITERIA__,__DEFINE_CRITERIA__
COMPETENCY,security_engineering.networking.important_protocols.kerberos,kerberos,N/A,__DEFINE_COMPETENCY_TITLE__,__DEFINE_COMPETENCY_DESCRIPTION__,__DEFINE_CRITERIA__,__DEFINE_CRITERIA__,__DEFINE_CRITERIA__,__DEFINE_CRITERIA__,__DEFINE_CRITERIA__
CATEGORY,security_engineering.networking.firewalls,firewalls,1,N/A,N/A,N/A,N/A,N/A,N/A,N/A
COMPETENCY,security_engineering.networking.firewalls.stateful_vs_stateless,stateful_vs_stateless,N/A,__DEFINE_COMPETENCY_TITLE__,__DEFINE_COMPETENCY_DESCRIPTION__,__DEFINE_CRITERIA__,__DEFINE_CRITERIA__,__DEFINE_CRITERIA__,__DEFINE_CRITERIA__,__DEFINE_CRITERIA__
COMPETENCY,security_engineering.networking.firewalls.dpi,dpi,N/A,__DEFINE_COMPETENCY_TITLE__,__DEFINE_COMPETENCY_DESCRIPTION__,__DEFINE_CRITERIA__,__DEFINE_CRITERIA__,__DEFINE_CRITERIA__,__DEFINE_CRITERIA__,__DEFINE_CRITERIA__
COMPETENCY,security_engineering.networking.firewalls.dlp,dlp,N/A,__DEFINE_COMPETENCY_TITLE__,__DEFINE_COMPETENCY_DESCRIPTION__,__DEFINE_CRITERIA__,__DEFINE_CRITERIA__,__DEFINE_CRITERIA__,__DEFINE_CRITERIA__,__DEFINE_CRITERIA__
CATEGORY,security_engineering.networking.email_security,email_security,1,N/A,N/A,N/A,N/A,N/A,N/A,N/A
COMPETENCY,security_engineering.networking.email_security.blocking,blocking,N/A,__DEFINE_COMPETENCY_TITLE__,__DEFINE_COMPETENCY_DESCRIPTION__,__DEFINE_CRITERIA__,__DEFINE_CRITERIA__,__DEFINE_CRITERIA__,__DEFINE_CRITERIA__,__DEFINE_CRITERIA__
COMPETENCY,security_engineering.networking.email_security.purging,purging,N/A,__DEFINE_COMPETENCY_TITLE__,__DEFINE_COMPETENCY_DESCRIPTION__,__DEFINE_CRITERIA__,__DEFINE_CRITERIA__,__DEFINE_CRITERIA__,__DEFINE_CRITERIA__,__DEFINE_CRITERIA__
CATEGORY,security_engineering.networking.email_security.spoofing,spoofing,1,N/A,N/A,N/A,N/A,N/A,N/A,N/A
COMPETENCY,security_engineering.networking.email_security.spoofing.spf,spf,N/A,__DEFINE_COMPETENCY_TITLE__,__DEFINE_COMPETENCY_DESCRIPTION__,__DEFINE_CRITERIA__,__DEFINE_CRITERIA__,__DEFINE_CRITERIA__,__DEFINE_CRITERIA__,__DEFINE_CRITERIA__
COMPETENCY,security_engineering.networking.email_security.spoofing.dkim,dkim,N/A,__DEFINE_COMPETENCY_TITLE__,__DEFINE_COMPETENCY_DESCRIPTION__,__DEFINE_CRITERIA__,__DEFINE_CRITERIA__,__DEFINE_CRITERIA__,__DEFINE_CRITERIA__,__DEFINE_CRITERIA__
COMPETENCY,security_engineering.networking.email_security.spoofing.dmarc,dmarc,N/A,__DEFINE_COMPETENCY_TITLE__,__DEFINE_COMPETENCY_DESCRIPTION__,__DEFINE_CRITERIA__,__DEFINE_CRITERIA__,__DEFINE_CRITERIA__,__DEFINE_CRITERIA__,__DEFINE_CRITERIA__
CATEGORY,security_engineering.networking.ddos,ddos,1,N/A,N/A,N/A,N/A,N/A,N/A,N/A
COMPETENCY,security_engineering.networking.ddos.network_saturation,network_saturation,N/A,__DEFINE_COMPETENCY_TITLE__,__DEFINE_COMPETENCY_DESCRIPTION__,__DEFINE_CRITERIA__,__DEFINE_CRITERIA__,__DEFINE_CRITERIA__,__DEFINE_CRITERIA__,__DEFINE_CRITERIA__
COMPETENCY,security_engineering.networking.ddos.standard_flood,standard_flood,N/A,__DEFINE_COMPETENCY_TITLE__,__DEFINE_COMPETENCY_DESCRIPTION__,__DEFINE_CRITERIA__,__DEFINE_CRITERIA__,__DEFINE_CRITERIA__,__DEFINE_CRITERIA__,__DEFINE_CRITERIA__
COMPETENCY,security_engineering.networking.ddos.amplification_attacks,amplification_attacks,N/A,__DEFINE_COMPETENCY_TITLE__,__DEFINE_COMPETENCY_DESCRIPTION__,__DEFINE_CRITERIA__,__DEFINE_CRITERIA__,__DEFINE_CRITERIA__,__DEFINE_CRITERIA__,__DEFINE_CRITERIA__
COMPETENCY,security_engineering.networking.ddos.mitigations,mitigations,N/A,__DEFINE_COMPETENCY_TITLE__,__DEFINE_COMPETENCY_DESCRIPTION__,__DEFINE_CRITERIA__,__DEFINE_CRITERIA__,__DEFINE_CRITERIA__,__DEFINE_CRITERIA__,__DEFINE_CRITERIA__
CATEGORY,security_engineering.networking.analysis,analysis,1,N/A,N/A,N/A,N/A,N/A,N/A,N/A
COMPETENCY,security_engineering.networking.analysis.ids,ids,N/A,__DEFINE_COMPETENCY_TITLE__,__DEFINE_COMPETENCY_DESCRIPTION__,__DEFINE_CRITERIA__,__DEFINE_CRITERIA__,__DEFINE_CRITERIA__,__DEFINE_CRITERIA__,__DEFINE_CRITERIA__
COMPETENCY,security_engineering.networking.analysis.ips,ips,N/A,__DEFINE_COMPETENCY_TITLE__,__DEFINE_COMPETENCY_DESCRIPTION__,__DEFINE_CRITERIA__,__DEFINE_CRITERIA__,__DEFINE_CRITERIA__,__DEFINE_CRITERIA__,__DEFINE_CRITERIA__
COMPETENCY,security_engineering.networking.analysis.flow_analysis,flow_analysis,N/A,__DEFINE_COMPETENCY_TITLE__,__DEFINE_COMPETENCY_DESCRIPTION__,__DEFINE_CRITERIA__,__DEFINE_CRITERIA__,__DEFINE_CRITERIA__,__DEFINE_CRITERIA__,__DEFINE_CRITERIA__
CATEGORY,security_engineering.cryptography,cryptography,1,N/A,N/A,N/A,N/A,N/A,N/A,N/A
COMPETENCY,security_engineering.cryptography.symmetric_cryptography,symmetric_cryptography,N/A,__DEFINE_COMPETENCY_TITLE__,__DEFINE_COMPETENCY_DESCRIPTION__,__DEFINE_CRITERIA__,__DEFINE_CRITERIA__,__DEFINE_CRITERIA__,__DEFINE_CRITERIA__,__DEFINE_CRITERIA__
COMPETENCY,security_engineering.cryptography.asymmetric_cryptography,asymmetric_cryptography,N/A,__DEFINE_COMPETENCY_TITLE__,__DEFINE_COMPETENCY_DESCRIPTION__,__DEFINE_CRITERIA__,__DEFINE_CRITERIA__,__DEFINE_CRITERIA__,__DEFINE_CRITERIA__,__DEFINE_CRITERIA__
COMPETENCY,security_engineering.cryptography.hashing,hashing,N/A,__DEFINE_COMPETENCY_TITLE__,__DEFINE_COMPETENCY_DESCRIPTION__,__DEFINE_CRITERIA__,__DEFINE_CRITERIA__,__DEFINE_CRITERIA__,__DEFINE_CRITERIA__,__DEFINE_CRITERIA__
COMPETENCY,security_engineering.cryptography.distance_based_hashing,distance_based_hashing,N/A,__DEFINE_COMPETENCY_TITLE__,__DEFINE_COMPETENCY_DESCRIPTION__,__DEFINE_CRITERIA__,__DEFINE_CRITERIA__,__DEFINE_CRITERIA__,__DEFINE_CRITERIA__,__DEFINE_CRITERIA__
COMPETENCY,security_engineering.cryptography.steganography,steganography,N/A,__DEFINE_COMPETENCY_TITLE__,__DEFINE_COMPETENCY_DESCRIPTION__,__DEFINE_CRITERIA__,__DEFINE_CRITERIA__,__DEFINE_CRITERIA__,__DEFINE_CRITERIA__,__DEFINE_CRITERIA__
COMPETENCY,security_engineering.cryptography.key_exchange,key_exchange,N/A,__DEFINE_COMPETENCY_TITLE__,__DEFINE_COMPETENCY_DESCRIPTION__,__DEFINE_CRITERIA__,__DEFINE_CRITERIA__,__DEFINE_CRITERIA__,__DEFINE_CRITERIA__,__DEFINE_CRITERIA__
COMPETENCY,security_engineering.cryptography.key_derivation,key_derivation,N/A,__DEFINE_COMPETENCY_TITLE__,__DEFINE_COMPETENCY_DESCRIPTION__,__DEFINE_CRITERIA__,__DEFINE_CRITERIA__,__DEFINE_CRITERIA__,__DEFINE_CRITERIA__,__DEFINE_CRITERIA__
COMPETENCY,security_engineering.cryptography.forward_secrecy,forward_secrecy,N/A,__DEFINE_COMPETENCY_TITLE__,__DEFINE_COMPETENCY_DESCRIPTION__,__DEFINE_CRITERIA__,__DEFINE_CRITERIA__,__DEFINE_CRITERIA__,__DEFINE_CRITERIA__,__DEFINE_CRITERIA__
COMPETENCY,security_engineering.cryptography.rngs_and_prngs,rngs_and_prngs,N/A,__DEFINE_COMPETENCY_TITLE__,__DEFINE_COMPETENCY_DESCRIPTION__,__DEFINE_CRITERIA__,__DEFINE_CRITERIA__,__DEFINE_CRITERIA__,__DEFINE_CRITERIA__,__DEFINE_CRITERIA__
COMPETENCY,security_engineering.cryptography.cryptographic_attacks,cryptographic_attacks,N/A,__DEFINE_COMPETENCY_TITLE__,__DEFINE_COMPETENCY_DESCRIPTION__,__DEFINE_CRITERIA__,__DEFINE_CRITERIA__,__DEFINE_CRITERIA__,__DEFINE_CRITERIA__,__DEFINE_CRITERIA__
COMPETENCY,security_engineering.cryptography.pki_and_cas,pki_and_cas,N/A,__DEFINE_COMPETENCY_TITLE__,__DEFINE_COMPETENCY_DESCRIPTION__,__DEFINE_CRITERIA__,__DEFINE_CRITERIA__,__DEFINE_CRITERIA__,__DEFINE_CRITERIA__,__DEFINE_CRITERIA__
COMPETENCY,security_engineering.cryptography.file_formats,file_formats,N/A,__DEFINE_COMPETENCY_TITLE__,__DEFINE_COMPETENCY_DESCRIPTION__,__DEFINE_CRITERIA__,__DEFINE_CRITERIA__,__DEFINE_CRITERIA__,__DEFINE_CRITERIA__,__DEFINE_CRITERIA__
CATEGORY,security_engineering.operating_systems,operating_systems,1,N/A,N/A,N/A,N/A,N/A,N/A,N/A
CATEGORY,security_engineering.operating_systems.computer_architecture,computer_architecture,1,N/A,N/A,N/A,N/A,N/A,N/A,N/A
COMPETENCY,security_engineering.operating_systems.computer_architecture.bios,bios,N/A,__DEFINE_COMPETENCY_TITLE__,__DEFINE_COMPETENCY_DESCRIPTION__,__DEFINE_CRITERIA__,__DEFINE_CRITERIA__,__DEFINE_CRITERIA__,__DEFINE_CRITERIA__,__DEFINE_CRITERIA__
COMPETENCY,security_engineering.operating_systems.computer_architecture.nvram,nvram,N/A,__DEFINE_COMPETENCY_TITLE__,__DEFINE_COMPETENCY_DESCRIPTION__,__DEFINE_CRITERIA__,__DEFINE_CRITERIA__,__DEFINE_CRITERIA__,__DEFINE_CRITERIA__,__DEFINE_CRITERIA__
COMPETENCY,security_engineering.operating_systems.computer_architecture.boot_loader,boot_loader,N/A,__DEFINE_COMPETENCY_TITLE__,__DEFINE_COMPETENCY_DESCRIPTION__,__DEFINE_CRITERIA__,__DEFINE_CRITERIA__,__DEFINE_CRITERIA__,__DEFINE_CRITERIA__,__DEFINE_CRITERIA__
CATEGORY,security_engineering.operating_systems.hardware,hardware,1,N/A,N/A,N/A,N/A,N/A,N/A,N/A
COMPETENCY,security_engineering.operating_systems.hardware.cpu,cpu,N/A,__DEFINE_COMPETENCY_TITLE__,__DEFINE_COMPETENCY_DESCRIPTION__,__DEFINE_CRITERIA__,__DEFINE_CRITERIA__,__DEFINE_CRITERIA__,__DEFINE_CRITERIA__,__DEFINE_CRITERIA__
COMPETENCY,security_engineering.operating_systems.hardware.ram,ram,N/A,__DEFINE_COMPETENCY_TITLE__,__DEFINE_COMPETENCY_DESCRIPTION__,__DEFINE_CRITERIA__,__DEFINE_CRITERIA__,__DEFINE_CRITERIA__,__DEFINE_CRITERIA__,__DEFINE_CRITERIA__
COMPETENCY,security_engineering.operating_systems.hardware.storage,storage,N/A,__DEFINE_COMPETENCY_TITLE__,__DEFINE_COMPETENCY_DESCRIPTION__,__DEFINE_CRITERIA__,__DEFINE_CRITERIA__,__DEFINE_CRITERIA__,__DEFINE_CRITERIA__,__DEFINE_CRITERIA__
COMPETENCY,security_engineering.operating_systems.hardware.nic,nic,N/A,__DEFINE_COMPETENCY_TITLE__,__DEFINE_COMPETENCY_DESCRIPTION__,__DEFINE_CRITERIA__,__DEFINE_CRITERIA__,__DEFINE_CRITERIA__,__DEFINE_CRITERIA__,__DEFINE_CRITERIA__
COMPETENCY,security_engineering.operating_systems.hardware.pci,pci,N/A,__DEFINE_COMPETENCY_TITLE__,__DEFINE_COMPETENCY_DESCRIPTION__,__DEFINE_CRITERIA__,__DEFINE_CRITERIA__,__DEFINE_CRITERIA__,__DEFINE_CRITERIA__,__DEFINE_CRITERIA__
COMPETENCY,security_engineering.operating_systems.hardware.usb,usb,N/A,__DEFINE_COMPETENCY_TITLE__,__DEFINE_COMPETENCY_DESCRIPTION__,__DEFINE_CRITERIA__,__DEFINE_CRITERIA__,__DEFINE_CRITERIA__,__DEFINE_CRITERIA__,__DEFINE_CRITERIA__
CATEGORY,security_engineering.operating_systems.kernel,kernel,1,N/A,N/A,N/A,N/A,N/A,N/A,N/A
COMPETENCY,security_engineering.operating_systems.kernel.drivers,drivers,N/A,__DEFINE_COMPETENCY_TITLE__,__DEFINE_COMPETENCY_DESCRIPTION__,__DEFINE_CRITERIA__,__DEFINE_CRITERIA__,__DEFINE_CRITERIA__,__DEFINE_CRITERIA__,__DEFINE_CRITERIA__
COMPETENCY,security_engineering.operating_systems.kernel.network_io,network_io,N/A,__DEFINE_COMPETENCY_TITLE__,__DEFINE_COMPETENCY_DESCRIPTION__,__DEFINE_CRITERIA__,__DEFINE_CRITERIA__,__DEFINE_CRITERIA__,__DEFINE_CRITERIA__,__DEFINE_CRITERIA__
COMPETENCY,security_engineering.operating_systems.kernel.syscalls,syscalls,N/A,__DEFINE_COMPETENCY_TITLE__,__DEFINE_COMPETENCY_DESCRIPTION__,__DEFINE_CRITERIA__,__DEFINE_CRITERIA__,__DEFINE_CRITERIA__,__DEFINE_CRITERIA__,__DEFINE_CRITERIA__
COMPETENCY,security_engineering.operating_systems.kernel.memory_protection,memory_protection,N/A,__DEFINE_COMPETENCY_TITLE__,__DEFINE_COMPETENCY_DESCRIPTION__,__DEFINE_CRITERIA__,__DEFINE_CRITERIA__,__DEFINE_CRITERIA__,__DEFINE_CRITERIA__,__DEFINE_CRITERIA__
COMPETENCY,security_engineering.operating_systems.run_levels,run_levels,N/A,__DEFINE_COMPETENCY_TITLE__,__DEFINE_COMPETENCY_DESCRIPTION__,__DEFINE_CRITERIA__,__DEFINE_CRITERIA__,__DEFINE_CRITERIA__,__DEFINE_CRITERIA__,__DEFINE_CRITERIA__
CATEGORY,security_engineering.operating_systems.init_systems,init_systems,1,N/A,N/A,N/A,N/A,N/A,N/A,N/A
COMPETENCY,security_engineering.operating_systems.init_systems.windows,windows,N/A,__DEFINE_COMPETENCY_TITLE__,__DEFINE_COMPETENCY_DESCRIPTION__,__DEFINE_CRITERIA__,__DEFINE_CRITERIA__,__DEFINE_CRITERIA__,__DEFINE_CRITERIA__,__DEFINE_CRITERIA__
COMPETENCY,security_engineering.operating_systems.init_systems.launchd,launchd,N/A,__DEFINE_COMPETENCY_TITLE__,__DEFINE_COMPETENCY_DESCRIPTION__,__DEFINE_CRITERIA__,__DEFINE_CRITERIA__,__DEFINE_CRITERIA__,__DEFINE_CRITERIA__,__DEFINE_CRITERIA__
COMPETENCY,security_engineering.operating_systems.init_systems.sysvinit,sysvinit,N/A,__DEFINE_COMPETENCY_TITLE__,__DEFINE_COMPETENCY_DESCRIPTION__,__DEFINE_CRITERIA__,__DEFINE_CRITERIA__,__DEFINE_CRITERIA__,__DEFINE_CRITERIA__,__DEFINE_CRITERIA__
COMPETENCY,security_engineering.operating_systems.init_systems.systemd,systemd,N/A,__DEFINE_COMPETENCY_TITLE__,__DEFINE_COMPETENCY_DESCRIPTION__,__DEFINE_CRITERIA__,__DEFINE_CRITERIA__,__DEFINE_CRITERIA__,__DEFINE_CRITERIA__,__DEFINE_CRITERIA__
COMPETENCY,security_engineering.operating_systems.init_systems.upstart,upstart,N/A,__DEFINE_COMPETENCY_TITLE__,__DEFINE_COMPETENCY_DESCRIPTION__,__DEFINE_CRITERIA__,__DEFINE_CRITERIA__,__DEFINE_CRITERIA__,__DEFINE_CRITERIA__,__DEFINE_CRITERIA__
COMPETENCY,security_engineering.operating_systems.permissions,permissions,N/A,__DEFINE_COMPETENCY_TITLE__,__DEFINE_COMPETENCY_DESCRIPTION__,__DEFINE_CRITERIA__,__DEFINE_CRITERIA__,__DEFINE_CRITERIA__,__DEFINE_CRITERIA__,__DEFINE_CRITERIA__
CATEGORY,security_engineering.operating_systems.security_features,security_features,1,N/A,N/A,N/A,N/A,N/A,N/A,N/A
COMPETENCY,security_engineering.operating_systems.security_features.trusted_boot,trusted_boot,N/A,__DEFINE_COMPETENCY_TITLE__,__DEFINE_COMPETENCY_DESCRIPTION__,__DEFINE_CRITERIA__,__DEFINE_CRITERIA__,__DEFINE_CRITERIA__,__DEFINE_CRITERIA__,__DEFINE_CRITERIA__
COMPETENCY,security_engineering.operating_systems.security_features.code_signing,code_signing,N/A,__DEFINE_COMPETENCY_TITLE__,__DEFINE_COMPETENCY_DESCRIPTION__,__DEFINE_CRITERIA__,__DEFINE_CRITERIA__,__DEFINE_CRITERIA__,__DEFINE_CRITERIA__,__DEFINE_CRITERIA__
COMPETENCY,security_engineering.operating_systems.security_features.windows_security_policy,windows_security_policy,N/A,__DEFINE_COMPETENCY_TITLE__,__DEFINE_COMPETENCY_DESCRIPTION__,__DEFINE_CRITERIA__,__DEFINE_CRITERIA__,__DEFINE_CRITERIA__,__DEFINE_CRITERIA__,__DEFINE_CRITERIA__
COMPETENCY,security_engineering.operating_systems.security_features.chroot,chroot,N/A,__DEFINE_COMPETENCY_TITLE__,__DEFINE_COMPETENCY_DESCRIPTION__,__DEFINE_CRITERIA__,__DEFINE_CRITERIA__,__DEFINE_CRITERIA__,__DEFINE_CRITERIA__,__DEFINE_CRITERIA__
COMPETENCY,security_engineering.operating_systems.security_features.jails,jails,N/A,__DEFINE_COMPETENCY_TITLE__,__DEFINE_COMPETENCY_DESCRIPTION__,__DEFINE_CRITERIA__,__DEFINE_CRITERIA__,__DEFINE_CRITERIA__,__DEFINE_CRITERIA__,__DEFINE_CRITERIA__
COMPETENCY,security_engineering.operating_systems.security_features.sudo,sudo,N/A,__DEFINE_COMPETENCY_TITLE__,__DEFINE_COMPETENCY_DESCRIPTION__,__DEFINE_CRITERIA__,__DEFINE_CRITERIA__,__DEFINE_CRITERIA__,__DEFINE_CRITERIA__,__DEFINE_CRITERIA__
COMPETENCY,security_engineering.operating_systems.security_features.selinux_and_apparmor,selinux_and_apparmor,N/A,__DEFINE_COMPETENCY_TITLE__,__DEFINE_COMPETENCY_DESCRIPTION__,__DEFINE_CRITERIA__,__DEFINE_CRITERIA__,__DEFINE_CRITERIA__,__DEFINE_CRITERIA__,__DEFINE_CRITERIA__
COMPETENCY,security_engineering.operating_systems.security_features.mandatory_access_controls,mandatory_access_controls,N/A,__DEFINE_COMPETENCY_TITLE__,__DEFINE_COMPETENCY_DESCRIPTION__,__DEFINE_CRITERIA__,__DEFINE_CRITERIA__,__DEFINE_CRITERIA__,__DEFINE_CRITERIA__,__DEFINE_CRITERIA__
CATEGORY,security_engineering.operating_systems.strengths_and_weaknesses,strengths_and_weaknesses,1,N/A,N/A,N/A,N/A,N/A,N/A,N/A
COMPETENCY,security_engineering.operating_systems.strengths_and_weaknesses.windows,windows,N/A,__DEFINE_COMPETENCY_TITLE__,__DEFINE_COMPETENCY_DESCRIPTION__,__DEFINE_CRITERIA__,__DEFINE_CRITERIA__,__DEFINE_CRITERIA__,__DEFINE_CRITERIA__,__DEFINE_CRITERIA__
COMPETENCY,security_engineering.operating_systems.strengths_and_weaknesses.macos,macos,N/A,__DEFINE_COMPETENCY_TITLE__,__DEFINE_COMPETENCY_DESCRIPTION__,__DEFINE_CRITERIA__,__DEFINE_CRITERIA__,__DEFINE_CRITERIA__,__DEFINE_CRITERIA__,__DEFINE_CRITERIA__
COMPETENCY,security_engineering.operating_systems.strengths_and_weaknesses.linux,linux,N/A,__DEFINE_COMPETENCY_TITLE__,__DEFINE_COMPETENCY_DESCRIPTION__,__DEFINE_CRITERIA__,__DEFINE_CRITERIA__,__DEFINE_CRITERIA__,__DEFINE_CRITERIA__,__DEFINE_CRITERIA__
CATEGORY,security_engineering.operating_systems.virtualization,virtualization,1,N/A,N/A,N/A,N/A,N/A,N/A,N/A
CATEGORY,security_engineering.operating_systems.virtualization.full,full,1,N/A,N/A,N/A,N/A,N/A,N/A,N/A
COMPETENCY,security_engineering.operating_systems.virtualization.full.vmware,vmware,N/A,__DEFINE_COMPETENCY_TITLE__,__DEFINE_COMPETENCY_DESCRIPTION__,__DEFINE_CRITERIA__,__DEFINE_CRITERIA__,__DEFINE_CRITERIA__,__DEFINE_CRITERIA__,__DEFINE_CRITERIA__
COMPETENCY,security_engineering.operating_systems.virtualization.full.virtualbox,virtualbox,N/A,__DEFINE_COMPETENCY_TITLE__,__DEFINE_COMPETENCY_DESCRIPTION__,__DEFINE_CRITERIA__,__DEFINE_CRITERIA__,__DEFINE_CRITERIA__,__DEFINE_CRITERIA__,__DEFINE_CRITERIA__
COMPETENCY,security_engineering.operating_systems.virtualization.full.hyperv,hyperv,N/A,__DEFINE_COMPETENCY_TITLE__,__DEFINE_COMPETENCY_DESCRIPTION__,__DEFINE_CRITERIA__,__DEFINE_CRITERIA__,__DEFINE_CRITERIA__,__DEFINE_CRITERIA__,__DEFINE_CRITERIA__
CATEGORY,security_engineering.operating_systems.virtualization.containers,containers,1,N/A,N/A,N/A,N/A,N/A,N/A,N/A
COMPETENCY,security_engineering.operating_systems.virtualization.containers.docker,docker,N/A,__DEFINE_COMPETENCY_TITLE__,__DEFINE_COMPETENCY_DESCRIPTION__,__DEFINE_CRITERIA__,__DEFINE_CRITERIA__,__DEFINE_CRITERIA__,__DEFINE_CRITERIA__,__DEFINE_CRITERIA__
COMPETENCY,security_engineering.operating_systems.virtualization.containers.cgroups,cgroups,N/A,__DEFINE_COMPETENCY_TITLE__,__DEFINE_COMPETENCY_DESCRIPTION__,__DEFINE_CRITERIA__,__DEFINE_CRITERIA__,__DEFINE_CRITERIA__,__DEFINE_CRITERIA__,__DEFINE_CRITERIA__
COMPETENCY,security_engineering.operating_systems.virtualization.containers.kubernetes,kubernetes,N/A,__DEFINE_COMPETENCY_TITLE__,__DEFINE_COMPETENCY_DESCRIPTION__,__DEFINE_CRITERIA__,__DEFINE_CRITERIA__,__DEFINE_CRITERIA__,__DEFINE_CRITERIA__,__DEFINE_CRITERIA__
CATEGORY,security_engineering.application_security,application_security,1,N/A,N/A,N/A,N/A,N/A,N/A,N/A
COMPETENCY,security_engineering.application_security.command_injection,command_injection,N/A,__DEFINE_COMPETENCY_TITLE__,__DEFINE_COMPETENCY_DESCRIPTION__,__DEFINE_CRITERIA__,__DEFINE_CRITERIA__,__DEFINE_CRITERIA__,__DEFINE_CRITERIA__,__DEFINE_CRITERIA__
CATEGORY,security_engineering.application_security.sql_injection,sql_injection,1,N/A,N/A,N/A,N/A,N/A,N/A,N/A
COMPETENCY,security_engineering.application_security.sql_injection.blind_sqli,blind_sqli,N/A,__DEFINE_COMPETENCY_TITLE__,__DEFINE_COMPETENCY_DESCRIPTION__,__DEFINE_CRITERIA__,__DEFINE_CRITERIA__,__DEFINE_CRITERIA__,__DEFINE_CRITERIA__,__DEFINE_CRITERIA__
COMPETENCY,security_engineering.application_security.sql_injection.tools,tools,N/A,__DEFINE_COMPETENCY_TITLE__,__DEFINE_COMPETENCY_DESCRIPTION__,__DEFINE_CRITERIA__,__DEFINE_CRITERIA__,__DEFINE_CRITERIA__,__DEFINE_CRITERIA__,__DEFINE_CRITERIA__
COMPETENCY,security_engineering.application_security.remote_file_inclusion,remote_file_inclusion,N/A,__DEFINE_COMPETENCY_TITLE__,__DEFINE_COMPETENCY_DESCRIPTION__,__DEFINE_CRITERIA__,__DEFINE_CRITERIA__,__DEFINE_CRITERIA__,__DEFINE_CRITERIA__,__DEFINE_CRITERIA__
COMPETENCY,security_engineering.application_security.local_file_inclusion,local_file_inclusion,N/A,__DEFINE_COMPETENCY_TITLE__,__DEFINE_COMPETENCY_DESCRIPTION__,__DEFINE_CRITERIA__,__DEFINE_CRITERIA__,__DEFINE_CRITERIA__,__DEFINE_CRITERIA__,__DEFINE_CRITERIA__
COMPETENCY,security_engineering.application_security.cross_site_scripting,cross_site_scripting,N/A,__DEFINE_COMPETENCY_TITLE__,__DEFINE_COMPETENCY_DESCRIPTION__,__DEFINE_CRITERIA__,__DEFINE_CRITERIA__,__DEFINE_CRITERIA__,__DEFINE_CRITERIA__,__DEFINE_CRITERIA__
COMPETENCY,security_engineering.application_security.cross_site_request_forgery,cross_site_request_forgery,N/A,__DEFINE_COMPETENCY_TITLE__,__DEFINE_COMPETENCY_DESCRIPTION__,__DEFINE_CRITERIA__,__DEFINE_CRITERIA__,__DEFINE_CRITERIA__,__DEFINE_CRITERIA__,__DEFINE_CRITERIA__
COMPETENCY,security_engineering.application_security.input_sanitization_vs_output_encoding,input_sanitization_vs_output_encoding,N/A,__DEFINE_COMPETENCY_TITLE__,__DEFINE_COMPETENCY_DESCRIPTION__,__DEFINE_CRITERIA__,__DEFINE_CRITERIA__,__DEFINE_CRITERIA__,__DEFINE_CRITERIA__,__DEFINE_CRITERIA__
COMPETENCY,security_engineering.application_security.buffer_overflows,buffer_overflows,N/A,__DEFINE_COMPETENCY_TITLE__,__DEFINE_COMPETENCY_DESCRIPTION__,__DEFINE_CRITERIA__,__DEFINE_CRITERIA__,__DEFINE_CRITERIA__,__DEFINE_CRITERIA__,__DEFINE_CRITERIA__
COMPETENCY,security_engineering.application_security.application_dos,application_dos,N/A,__DEFINE_COMPETENCY_TITLE__,__DEFINE_COMPETENCY_DESCRIPTION__,__DEFINE_CRITERIA__,__DEFINE_CRITERIA__,__DEFINE_CRITERIA__,__DEFINE_CRITERIA__,__DEFINE_CRITERIA__
CATEGORY,security_engineering.application_security.shell_code,shell_code,1,N/A,N/A,N/A,N/A,N/A,N/A,N/A
COMPETENCY,security_engineering.application_security.shell_code.x_64__vs_x_86,x_64__vs_x_86,N/A,__DEFINE_COMPETENCY_TITLE__,__DEFINE_COMPETENCY_DESCRIPTION__,__DEFINE_CRITERIA__,__DEFINE_CRITERIA__,__DEFINE_CRITERIA__,__DEFINE_CRITERIA__,__DEFINE_CRITERIA__
COMPETENCY,security_engineering.application_security.shell_code.registers,registers,N/A,__DEFINE_COMPETENCY_TITLE__,__DEFINE_COMPETENCY_DESCRIPTION__,__DEFINE_CRITERIA__,__DEFINE_CRITERIA__,__DEFINE_CRITERIA__,__DEFINE_CRITERIA__,__DEFINE_CRITERIA__
COMPETENCY,security_engineering.application_security.shell_code.stack_structure,stack_structure,N/A,__DEFINE_COMPETENCY_TITLE__,__DEFINE_COMPETENCY_DESCRIPTION__,__DEFINE_CRITERIA__,__DEFINE_CRITERIA__,__DEFINE_CRITERIA__,__DEFINE_CRITERIA__,__DEFINE_CRITERIA__
COMPETENCY,security_engineering.application_security.user_uploaded_content_processing,user_uploaded_content_processing,N/A,__DEFINE_COMPETENCY_TITLE__,__DEFINE_COMPETENCY_DESCRIPTION__,__DEFINE_CRITERIA__,__DEFINE_CRITERIA__,__DEFINE_CRITERIA__,__DEFINE_CRITERIA__,__DEFINE_CRITERIA__
CATEGORY,security_engineering.application_security.automation,automation,1,N/A,N/A,N/A,N/A,N/A,N/A,N/A
COMPETENCY,security_engineering.application_security.automation.static_analysis,static_analysis,N/A,__DEFINE_COMPETENCY_TITLE__,__DEFINE_COMPETENCY_DESCRIPTION__,__DEFINE_CRITERIA__,__DEFINE_CRITERIA__,__DEFINE_CRITERIA__,__DEFINE_CRITERIA__,__DEFINE_CRITERIA__
COMPETENCY,security_engineering.application_security.automation.testing_tools,testing_tools,N/A,__DEFINE_COMPETENCY_TITLE__,__DEFINE_COMPETENCY_DESCRIPTION__,__DEFINE_CRITERIA__,__DEFINE_CRITERIA__,__DEFINE_CRITERIA__,__DEFINE_CRITERIA__,__DEFINE_CRITERIA__
COMPETENCY,security_engineering.application_security.automation.revision_control_techniques,revision_control_techniques,N/A,__DEFINE_COMPETENCY_TITLE__,__DEFINE_COMPETENCY_DESCRIPTION__,__DEFINE_CRITERIA__,__DEFINE_CRITERIA__,__DEFINE_CRITERIA__,__DEFINE_CRITERIA__,__DEFINE_CRITERIA__
CATEGORY,security_engineering.enterprise_security,enterprise_security,1,N/A,N/A,N/A,N/A,N/A,N/A,N/A
CATEGORY,security_engineering.enterprise_security.authn_and_authz,authn_and_authz,1,N/A,N/A,N/A,N/A,N/A,N/A,N/A
CATEGORY,security_engineering.enterprise_security.authn_and_authz.sso,sso,1,N/A,N/A,N/A,N/A,N/A,N/A,N/A
COMPETENCY,security_engineering.enterprise_security.authn_and_authz.sso.saml,saml,N/A,__DEFINE_COMPETENCY_TITLE__,__DEFINE_COMPETENCY_DESCRIPTION__,__DEFINE_CRITERIA__,__DEFINE_CRITERIA__,__DEFINE_CRITERIA__,__DEFINE_CRITERIA__,__DEFINE_CRITERIA__
COMPETENCY,security_engineering.enterprise_security.authn_and_authz.sso.oauth_2,oauth_2,N/A,__DEFINE_COMPETENCY_TITLE__,__DEFINE_COMPETENCY_DESCRIPTION__,__DEFINE_CRITERIA__,__DEFINE_CRITERIA__,__DEFINE_CRITERIA__,__DEFINE_CRITERIA__,__DEFINE_CRITERIA__
COMPETENCY,security_engineering.enterprise_security.authn_and_authz.cookie_vs_session,cookie_vs_session,N/A,__DEFINE_COMPETENCY_TITLE__,__DEFINE_COMPETENCY_DESCRIPTION__,__DEFINE_CRITERIA__,__DEFINE_CRITERIA__,__DEFINE_CRITERIA__,__DEFINE_CRITERIA__,__DEFINE_CRITERIA__
COMPETENCY,security_engineering.enterprise_security.authn_and_authz.federation,federation,N/A,__DEFINE_COMPETENCY_TITLE__,__DEFINE_COMPETENCY_DESCRIPTION__,__DEFINE_CRITERIA__,__DEFINE_CRITERIA__,__DEFINE_CRITERIA__,__DEFINE_CRITERIA__,__DEFINE_CRITERIA__
COMPETENCY,security_engineering.enterprise_security.authn_and_authz.pki_integration,pki_integration,N/A,__DEFINE_COMPETENCY_TITLE__,__DEFINE_COMPETENCY_DESCRIPTION__,__DEFINE_CRITERIA__,__DEFINE_CRITERIA__,__DEFINE_CRITERIA__,__DEFINE_CRITERIA__,__DEFINE_CRITERIA__
COMPETENCY,security_engineering.enterprise_security.authn_and_authz.pam,pam,N/A,__DEFINE_COMPETENCY_TITLE__,__DEFINE_COMPETENCY_DESCRIPTION__,__DEFINE_CRITERIA__,__DEFINE_CRITERIA__,__DEFINE_CRITERIA__,__DEFINE_CRITERIA__,__DEFINE_CRITERIA__
CATEGORY,security_engineering.enterprise_security.authn_and_authz.mfa,mfa,1,N/A,N/A,N/A,N/A,N/A,N/A,N/A
COMPETENCY,security_engineering.enterprise_security.authn_and_authz.mfa.totp,totp,N/A,__DEFINE_COMPETENCY_TITLE__,__DEFINE_COMPETENCY_DESCRIPTION__,__DEFINE_CRITERIA__,__DEFINE_CRITERIA__,__DEFINE_CRITERIA__,__DEFINE_CRITERIA__,__DEFINE_CRITERIA__
COMPETENCY,security_engineering.enterprise_security.authn_and_authz.mfa.sms,sms,N/A,__DEFINE_COMPETENCY_TITLE__,__DEFINE_COMPETENCY_DESCRIPTION__,__DEFINE_CRITERIA__,__DEFINE_CRITERIA__,__DEFINE_CRITERIA__,__DEFINE_CRITERIA__,__DEFINE_CRITERIA__
COMPETENCY,security_engineering.enterprise_security.authn_and_authz.mfa.biometric,biometric,N/A,__DEFINE_COMPETENCY_TITLE__,__DEFINE_COMPETENCY_DESCRIPTION__,__DEFINE_CRITERIA__,__DEFINE_CRITERIA__,__DEFINE_CRITERIA__,__DEFINE_CRITERIA__,__DEFINE_CRITERIA__
CATEGORY,security_engineering.enterprise_security.directory_services,directory_services,1,N/A,N/A,N/A,N/A,N/A,N/A,N/A
CATEGORY,security_engineering.enterprise_security.directory_services.structure,structure,1,N/A,N/A,N/A,N/A,N/A,N/A,N/A
COMPETENCY,security_engineering.enterprise_security.directory_services.structure.ou,ou,N/A,__DEFINE_COMPETENCY_TITLE__,__DEFINE_COMPETENCY_DESCRIPTION__,__DEFINE_CRITERIA__,__DEFINE_CRITERIA__,__DEFINE_CRITERIA__,__DEFINE_CRITERIA__,__DEFINE_CRITERIA__
COMPETENCY,security_engineering.enterprise_security.directory_services.structure.object,object,N/A,__DEFINE_COMPETENCY_TITLE__,__DEFINE_COMPETENCY_DESCRIPTION__,__DEFINE_CRITERIA__,__DEFINE_CRITERIA__,__DEFINE_CRITERIA__,__DEFINE_CRITERIA__,__DEFINE_CRITERIA__
COMPETENCY,security_engineering.enterprise_security.directory_services.structure.distinguished_name,distinguished_name,N/A,__DEFINE_COMPETENCY_TITLE__,__DEFINE_COMPETENCY_DESCRIPTION__,__DEFINE_CRITERIA__,__DEFINE_CRITERIA__,__DEFINE_CRITERIA__,__DEFINE_CRITERIA__,__DEFINE_CRITERIA__
COMPETENCY,security_engineering.enterprise_security.directory_services.structure.common_name,common_name,N/A,__DEFINE_COMPETENCY_TITLE__,__DEFINE_COMPETENCY_DESCRIPTION__,__DEFINE_CRITERIA__,__DEFINE_CRITERIA__,__DEFINE_CRITERIA__,__DEFINE_CRITERIA__,__DEFINE_CRITERIA__
COMPETENCY,security_engineering.enterprise_security.directory_services.structure.domain,domain,N/A,__DEFINE_COMPETENCY_TITLE__,__DEFINE_COMPETENCY_DESCRIPTION__,__DEFINE_CRITERIA__,__DEFINE_CRITERIA__,__DEFINE_CRITERIA__,__DEFINE_CRITERIA__,__DEFINE_CRITERIA__
COMPETENCY,security_engineering.enterprise_security.directory_services.structure.forest,forest,N/A,__DEFINE_COMPETENCY_TITLE__,__DEFINE_COMPETENCY_DESCRIPTION__,__DEFINE_CRITERIA__,__DEFINE_CRITERIA__,__DEFINE_CRITERIA__,__DEFINE_CRITERIA__,__DEFINE_CRITERIA__
CATEGORY,security_engineering.enterprise_security.directory_services.account_types,account_types,1,N/A,N/A,N/A,N/A,N/A,N/A,N/A
COMPETENCY,security_engineering.enterprise_security.directory_services.account_types.domain_administrator,domain_administrator,N/A,__DEFINE_COMPETENCY_TITLE__,__DEFINE_COMPETENCY_DESCRIPTION__,__DEFINE_CRITERIA__,__DEFINE_CRITERIA__,__DEFINE_CRITERIA__,__DEFINE_CRITERIA__,__DEFINE_CRITERIA__
COMPETENCY,security_engineering.enterprise_security.directory_services.account_types.domain_user,domain_user,N/A,__DEFINE_COMPETENCY_TITLE__,__DEFINE_COMPETENCY_DESCRIPTION__,__DEFINE_CRITERIA__,__DEFINE_CRITERIA__,__DEFINE_CRITERIA__,__DEFINE_CRITERIA__,__DEFINE_CRITERIA__
COMPETENCY,security_engineering.enterprise_security.directory_services.account_types.local_user,local_user,N/A,__DEFINE_COMPETENCY_TITLE__,__DEFINE_COMPETENCY_DESCRIPTION__,__DEFINE_CRITERIA__,__DEFINE_CRITERIA__,__DEFINE_CRITERIA__,__DEFINE_CRITERIA__,__DEFINE_CRITERIA__
COMPETENCY,security_engineering.enterprise_security.directory_services.account_types.local_administrator,local_administrator,N/A,__DEFINE_COMPETENCY_TITLE__,__DEFINE_COMPETENCY_DESCRIPTION__,__DEFINE_CRITERIA__,__DEFINE_CRITERIA__,__DEFINE_CRITERIA__,__DEFINE_CRITERIA__,__DEFINE_CRITERIA__
CATEGORY,security_engineering.enterprise_security.directory_services.trust_types,trust_types,1,N/A,N/A,N/A,N/A,N/A,N/A,N/A
COMPETENCY,security_engineering.enterprise_security.directory_services.trust_types.transitive,transitive,N/A,__DEFINE_COMPETENCY_TITLE__,__DEFINE_COMPETENCY_DESCRIPTION__,__DEFINE_CRITERIA__,__DEFINE_CRITERIA__,__DEFINE_CRITERIA__,__DEFINE_CRITERIA__,__DEFINE_CRITERIA__
COMPETENCY,security_engineering.enterprise_security.directory_services.trust_types.non_transitive,non_transitive,N/A,__DEFINE_COMPETENCY_TITLE__,__DEFINE_COMPETENCY_DESCRIPTION__,__DEFINE_CRITERIA__,__DEFINE_CRITERIA__,__DEFINE_CRITERIA__,__DEFINE_CRITERIA__,__DEFINE_CRITERIA__
COMPETENCY,security_engineering.enterprise_security.directory_services.trust_types.one_way,one_way,N/A,__DEFINE_COMPETENCY_TITLE__,__DEFINE_COMPETENCY_DESCRIPTION__,__DEFINE_CRITERIA__,__DEFINE_CRITERIA__,__DEFINE_CRITERIA__,__DEFINE_CRITERIA__,__DEFINE_CRITERIA__
COMPETENCY,security_engineering.enterprise_security.directory_services.trust_types.two_way,two_way,N/A,__DEFINE_COMPETENCY_TITLE__,__DEFINE_COMPETENCY_DESCRIPTION__,__DEFINE_CRITERIA__,__DEFINE_CRITERIA__,__DEFINE_CRITERIA__,__DEFINE_CRITERIA__,__DEFINE_CRITERIA__
CATEGORY,security_engineering.enterprise_security.directory_services.trusts,trusts,1,N/A,N/A,N/A,N/A,N/A,N/A,N/A
COMPETENCY,security_engineering.enterprise_security.directory_services.trusts.parent_child,parent_child,N/A,__DEFINE_COMPETENCY_TITLE__,__DEFINE_COMPETENCY_DESCRIPTION__,__DEFINE_CRITERIA__,__DEFINE_CRITERIA__,__DEFINE_CRITERIA__,__DEFINE_CRITERIA__,__DEFINE_CRITERIA__
COMPETENCY,security_engineering.enterprise_security.directory_services.trusts.tree_root,tree_root,N/A,__DEFINE_COMPETENCY_TITLE__,__DEFINE_COMPETENCY_DESCRIPTION__,__DEFINE_CRITERIA__,__DEFINE_CRITERIA__,__DEFINE_CRITERIA__,__DEFINE_CRITERIA__,__DEFINE_CRITERIA__
COMPETENCY,security_engineering.enterprise_security.directory_services.trusts.shortcut,shortcut,N/A,__DEFINE_COMPETENCY_TITLE__,__DEFINE_COMPETENCY_DESCRIPTION__,__DEFINE_CRITERIA__,__DEFINE_CRITERIA__,__DEFINE_CRITERIA__,__DEFINE_CRITERIA__,__DEFINE_CRITERIA__
COMPETENCY,security_engineering.enterprise_security.directory_services.trusts.external,external,N/A,__DEFINE_COMPETENCY_TITLE__,__DEFINE_COMPETENCY_DESCRIPTION__,__DEFINE_CRITERIA__,__DEFINE_CRITERIA__,__DEFINE_CRITERIA__,__DEFINE_CRITERIA__,__DEFINE_CRITERIA__
COMPETENCY,security_engineering.enterprise_security.directory_services.trusts.forest,forest,N/A,__DEFINE_COMPETENCY_TITLE__,__DEFINE_COMPETENCY_DESCRIPTION__,__DEFINE_CRITERIA__,__DEFINE_CRITERIA__,__DEFINE_CRITERIA__,__DEFINE_CRITERIA__,__DEFINE_CRITERIA__
COMPETENCY,security_engineering.enterprise_security.directory_services.trusts.realm,realm,N/A,__DEFINE_COMPETENCY_TITLE__,__DEFINE_COMPETENCY_DESCRIPTION__,__DEFINE_CRITERIA__,__DEFINE_CRITERIA__,__DEFINE_CRITERIA__,__DEFINE_CRITERIA__,__DEFINE_CRITERIA__
CATEGORY,security_engineering.enterprise_security.remote_access,remote_access,1,N/A,N/A,N/A,N/A,N/A,N/A,N/A
CATEGORY,security_engineering.enterprise_security.remote_access.vpns,vpns,1,N/A,N/A,N/A,N/A,N/A,N/A,N/A
COMPETENCY,security_engineering.enterprise_security.remote_access.vpns.ipsec,ipsec,N/A,__DEFINE_COMPETENCY_TITLE__,__DEFINE_COMPETENCY_DESCRIPTION__,__DEFINE_CRITERIA__,__DEFINE_CRITERIA__,__DEFINE_CRITERIA__,__DEFINE_CRITERIA__,__DEFINE_CRITERIA__
COMPETENCY,security_engineering.enterprise_security.remote_access.vpns.pptp,pptp,N/A,__DEFINE_COMPETENCY_TITLE__,__DEFINE_COMPETENCY_DESCRIPTION__,__DEFINE_CRITERIA__,__DEFINE_CRITERIA__,__DEFINE_CRITERIA__,__DEFINE_CRITERIA__,__DEFINE_CRITERIA__
COMPETENCY,security_engineering.enterprise_security.remote_access.vpns.layer_2_tunnel_protocol,layer_2_tunnel_protocol,N/A,__DEFINE_COMPETENCY_TITLE__,__DEFINE_COMPETENCY_DESCRIPTION__,__DEFINE_CRITERIA__,__DEFINE_CRITERIA__,__DEFINE_CRITERIA__,__DEFINE_CRITERIA__,__DEFINE_CRITERIA__
COMPETENCY,security_engineering.enterprise_security.remote_access.vpns.split_tunnel_vs_full_tunnel,split_tunnel_vs_full_tunnel,N/A,__DEFINE_COMPETENCY_TITLE__,__DEFINE_COMPETENCY_DESCRIPTION__,__DEFINE_CRITERIA__,__DEFINE_CRITERIA__,__DEFINE_CRITERIA__,__DEFINE_CRITERIA__,__DEFINE_CRITERIA__
COMPETENCY,security_engineering.enterprise_security.remote_access.vpns.split_horizon_dns,split_horizon_dns,N/A,__DEFINE_COMPETENCY_TITLE__,__DEFINE_COMPETENCY_DESCRIPTION__,__DEFINE_CRITERIA__,__DEFINE_CRITERIA__,__DEFINE_CRITERIA__,__DEFINE_CRITERIA__,__DEFINE_CRITERIA__
COMPETENCY,security_engineering.enterprise_security.remote_access.bastion,bastion,N/A,__DEFINE_COMPETENCY_TITLE__,__DEFINE_COMPETENCY_DESCRIPTION__,__DEFINE_CRITERIA__,__DEFINE_CRITERIA__,__DEFINE_CRITERIA__,__DEFINE_CRITERIA__,__DEFINE_CRITERIA__
COMPETENCY,security_engineering.enterprise_security.remote_access.mutual_tls_authentication,mutual_tls_authentication,N/A,__DEFINE_COMPETENCY_TITLE__,__DEFINE_COMPETENCY_DESCRIPTION__,__DEFINE_CRITERIA__,__DEFINE_CRITERIA__,__DEFINE_CRITERIA__,__DEFINE_CRITERIA__,__DEFINE_CRITERIA__
CATEGORY,,software_engineering,1,N/A,N/A,N/A,N/A,N/A,N/A,N/A
CATEGORY,software_engineering.common_languages,common_languages,1,N/A,N/A,N/A,N/A,N/A,N/A,N/A
COMPETENCY,software_engineering.common_languages.python,python,N/A,__DEFINE_COMPETENCY_TITLE__,__DEFINE_COMPETENCY_DESCRIPTION__,__DEFINE_CRITERIA__,__DEFINE_CRITERIA__,__DEFINE_CRITERIA__,__DEFINE_CRITERIA__,__DEFINE_CRITERIA__
COMPETENCY,software_engineering.common_languages.ruby,ruby,N/A,__DEFINE_COMPETENCY_TITLE__,__DEFINE_COMPETENCY_DESCRIPTION__,__DEFINE_CRITERIA__,__DEFINE_CRITERIA__,__DEFINE_CRITERIA__,__DEFINE_CRITERIA__,__DEFINE_CRITERIA__
COMPETENCY,software_engineering.common_languages.java,java,N/A,__DEFINE_COMPETENCY_TITLE__,__DEFINE_COMPETENCY_DESCRIPTION__,__DEFINE_CRITERIA__,__DEFINE_CRITERIA__,__DEFINE_CRITERIA__,__DEFINE_CRITERIA__,__DEFINE_CRITERIA__
COMPETENCY,software_engineering.common_languages.c_and_c_plus_plus,c_and_c_plus_plus,N/A,__DEFINE_COMPETENCY_TITLE__,__DEFINE_COMPETENCY_DESCRIPTION__,__DEFINE_CRITERIA__,__DEFINE_CRITERIA__,__DEFINE_CRITERIA__,__DEFINE_CRITERIA__,__DEFINE_CRITERIA__
COMPETENCY,software_engineering.common_languages.go,go,N/A,__DEFINE_COMPETENCY_TITLE__,__DEFINE_COMPETENCY_DESCRIPTION__,__DEFINE_CRITERIA__,__DEFINE_CRITERIA__,__DEFINE_CRITERIA__,__DEFINE_CRITERIA__,__DEFINE_CRITERIA__
COMPETENCY,software_engineering.common_languages.bash,bash,N/A,__DEFINE_COMPETENCY_TITLE__,__DEFINE_COMPETENCY_DESCRIPTION__,__DEFINE_CRITERIA__,__DEFINE_CRITERIA__,__DEFINE_CRITERIA__,__DEFINE_CRITERIA__,__DEFINE_CRITERIA__
COMPETENCY,software_engineering.common_languages.powershell,powershell,N/A,__DEFINE_COMPETENCY_TITLE__,__DEFINE_COMPETENCY_DESCRIPTION__,__DEFINE_CRITERIA__,__DEFINE_CRITERIA__,__DEFINE_CRITERIA__,__DEFINE_CRITERIA__,__DEFINE_CRITERIA__
COMPETENCY,software_engineering.common_languages.sql,sql,N/A,__DEFINE_COMPETENCY_TITLE__,__DEFINE_COMPETENCY_DESCRIPTION__,__DEFINE_CRITERIA__,__DEFINE_CRITERIA__,__DEFINE_CRITERIA__,__DEFINE_CRITERIA__,__DEFINE_CRITERIA__
COMPETENCY,software_engineering.common_languages.javascript,javascript,N/A,__DEFINE_COMPETENCY_TITLE__,__DEFINE_COMPETENCY_DESCRIPTION__,__DEFINE_CRITERIA__,__DEFINE_CRITERIA__,__DEFINE_CRITERIA__,__DEFINE_CRITERIA__,__DEFINE_CRITERIA__
COMPETENCY,software_engineering.common_languages.nodejs,nodejs,N/A,__DEFINE_COMPETENCY_TITLE__,__DEFINE_COMPETENCY_DESCRIPTION__,__DEFINE_CRITERIA__,__DEFINE_CRITERIA__,__DEFINE_CRITERIA__,__DEFINE_CRITERIA__,__DEFINE_CRITERIA__
CATEGORY,software_engineering.compilers,compilers,1,N/A,N/A,N/A,N/A,N/A,N/A,N/A
COMPETENCY,software_engineering.compilers.frontend,frontend,N/A,__DEFINE_COMPETENCY_TITLE__,__DEFINE_COMPETENCY_DESCRIPTION__,__DEFINE_CRITERIA__,__DEFINE_CRITERIA__,__DEFINE_CRITERIA__,__DEFINE_CRITERIA__,__DEFINE_CRITERIA__
COMPETENCY,software_engineering.compilers.backend,backend,N/A,__DEFINE_COMPETENCY_TITLE__,__DEFINE_COMPETENCY_DESCRIPTION__,__DEFINE_CRITERIA__,__DEFINE_CRITERIA__,__DEFINE_CRITERIA__,__DEFINE_CRITERIA__,__DEFINE_CRITERIA__
CATEGORY,software_engineering.compilers.intermediate_representation,intermediate_representation,1,N/A,N/A,N/A,N/A,N/A,N/A,N/A
COMPETENCY,software_engineering.compilers.intermediate_representation.bytecode,bytecode,N/A,__DEFINE_COMPETENCY_TITLE__,__DEFINE_COMPETENCY_DESCRIPTION__,__DEFINE_CRITERIA__,__DEFINE_CRITERIA__,__DEFINE_CRITERIA__,__DEFINE_CRITERIA__,__DEFINE_CRITERIA__
COMPETENCY,software_engineering.compilers.intermediate_representation.runtimes_and_vm,runtimes_and_vm,N/A,__DEFINE_COMPETENCY_TITLE__,__DEFINE_COMPETENCY_DESCRIPTION__,__DEFINE_CRITERIA__,__DEFINE_CRITERIA__,__DEFINE_CRITERIA__,__DEFINE_CRITERIA__,__DEFINE_CRITERIA__
CATEGORY,software_engineering.compilers.optimization,optimization,1,N/A,N/A,N/A,N/A,N/A,N/A,N/A
COMPETENCY,software_engineering.compilers.optimization.inlining,inlining,N/A,__DEFINE_COMPETENCY_TITLE__,__DEFINE_COMPETENCY_DESCRIPTION__,__DEFINE_CRITERIA__,__DEFINE_CRITERIA__,__DEFINE_CRITERIA__,__DEFINE_CRITERIA__,__DEFINE_CRITERIA__
COMPETENCY,software_engineering.compilers.optimization.memory,memory,N/A,__DEFINE_COMPETENCY_TITLE__,__DEFINE_COMPETENCY_DESCRIPTION__,__DEFINE_CRITERIA__,__DEFINE_CRITERIA__,__DEFINE_CRITERIA__,__DEFINE_CRITERIA__,__DEFINE_CRITERIA__
COMPETENCY,software_engineering.compilers.type_safety,type_safety,N/A,__DEFINE_COMPETENCY_TITLE__,__DEFINE_COMPETENCY_DESCRIPTION__,__DEFINE_CRITERIA__,__DEFINE_CRITERIA__,__DEFINE_CRITERIA__,__DEFINE_CRITERIA__,__DEFINE_CRITERIA__
CATEGORY,software_engineering.interpreters,interpreters,1,N/A,N/A,N/A,N/A,N/A,N/A,N/A
CATEGORY,software_engineering.interpreters.types,types,1,N/A,N/A,N/A,N/A,N/A,N/A,N/A
COMPETENCY,software_engineering.interpreters.types.bytecode,bytecode,N/A,__DEFINE_COMPETENCY_TITLE__,__DEFINE_COMPETENCY_DESCRIPTION__,__DEFINE_CRITERIA__,__DEFINE_CRITERIA__,__DEFINE_CRITERIA__,__DEFINE_CRITERIA__,__DEFINE_CRITERIA__
COMPETENCY,software_engineering.interpreters.types.abstract_syntax_tree,abstract_syntax_tree,N/A,__DEFINE_COMPETENCY_TITLE__,__DEFINE_COMPETENCY_DESCRIPTION__,__DEFINE_CRITERIA__,__DEFINE_CRITERIA__,__DEFINE_CRITERIA__,__DEFINE_CRITERIA__,__DEFINE_CRITERIA__
COMPETENCY,software_engineering.interpreters.types.jit,jit,N/A,__DEFINE_COMPETENCY_TITLE__,__DEFINE_COMPETENCY_DESCRIPTION__,__DEFINE_CRITERIA__,__DEFINE_CRITERIA__,__DEFINE_CRITERIA__,__DEFINE_CRITERIA__,__DEFINE_CRITERIA__
CATEGORY,software_engineering.concurrency,concurrency,1,N/A,N/A,N/A,N/A,N/A,N/A,N/A
COMPETENCY,software_engineering.concurrency.thread,thread,N/A,__DEFINE_COMPETENCY_TITLE__,__DEFINE_COMPETENCY_DESCRIPTION__,__DEFINE_CRITERIA__,__DEFINE_CRITERIA__,__DEFINE_CRITERIA__,__DEFINE_CRITERIA__,__DEFINE_CRITERIA__
COMPETENCY,software_engineering.concurrency.process,process,N/A,__DEFINE_COMPETENCY_TITLE__,__DEFINE_COMPETENCY_DESCRIPTION__,__DEFINE_CRITERIA__,__DEFINE_CRITERIA__,__DEFINE_CRITERIA__,__DEFINE_CRITERIA__,__DEFINE_CRITERIA__
COMPETENCY,software_engineering.concurrency.fiber,fiber,N/A,__DEFINE_COMPETENCY_TITLE__,__DEFINE_COMPETENCY_DESCRIPTION__,__DEFINE_CRITERIA__,__DEFINE_CRITERIA__,__DEFINE_CRITERIA__,__DEFINE_CRITERIA__,__DEFINE_CRITERIA__
COMPETENCY,software_engineering.concurrency.semaphores,semaphores,N/A,__DEFINE_COMPETENCY_TITLE__,__DEFINE_COMPETENCY_DESCRIPTION__,__DEFINE_CRITERIA__,__DEFINE_CRITERIA__,__DEFINE_CRITERIA__,__DEFINE_CRITERIA__,__DEFINE_CRITERIA__
CATEGORY,software_engineering.data_types,data_types,1,N/A,N/A,N/A,N/A,N/A,N/A,N/A
COMPETENCY,software_engineering.data_types.primatives,primatives,N/A,__DEFINE_COMPETENCY_TITLE__,__DEFINE_COMPETENCY_DESCRIPTION__,__DEFINE_CRITERIA__,__DEFINE_CRITERIA__,__DEFINE_CRITERIA__,__DEFINE_CRITERIA__,__DEFINE_CRITERIA__
COMPETENCY,software_engineering.data_types.signed_vs_unsigned,signed_vs_unsigned,N/A,__DEFINE_COMPETENCY_TITLE__,__DEFINE_COMPETENCY_DESCRIPTION__,__DEFINE_CRITERIA__,__DEFINE_CRITERIA__,__DEFINE_CRITERIA__,__DEFINE_CRITERIA__,__DEFINE_CRITERIA__
COMPETENCY,software_engineering.data_types.int_size,int_size,N/A,__DEFINE_COMPETENCY_TITLE__,__DEFINE_COMPETENCY_DESCRIPTION__,__DEFINE_CRITERIA__,__DEFINE_CRITERIA__,__DEFINE_CRITERIA__,__DEFINE_CRITERIA__,__DEFINE_CRITERIA__
CATEGORY,software_engineering.data_types.encoding,encoding,1,N/A,N/A,N/A,N/A,N/A,N/A,N/A
COMPETENCY,software_engineering.data_types.encoding.ascii,ascii,N/A,__DEFINE_COMPETENCY_TITLE__,__DEFINE_COMPETENCY_DESCRIPTION__,__DEFINE_CRITERIA__,__DEFINE_CRITERIA__,__DEFINE_CRITERIA__,__DEFINE_CRITERIA__,__DEFINE_CRITERIA__
COMPETENCY,software_engineering.data_types.encoding.utf_8,utf_8,N/A,__DEFINE_COMPETENCY_TITLE__,__DEFINE_COMPETENCY_DESCRIPTION__,__DEFINE_CRITERIA__,__DEFINE_CRITERIA__,__DEFINE_CRITERIA__,__DEFINE_CRITERIA__,__DEFINE_CRITERIA__
COMPETENCY,software_engineering.data_types.encoding.base_64,base_64,N/A,__DEFINE_COMPETENCY_TITLE__,__DEFINE_COMPETENCY_DESCRIPTION__,__DEFINE_CRITERIA__,__DEFINE_CRITERIA__,__DEFINE_CRITERIA__,__DEFINE_CRITERIA__,__DEFINE_CRITERIA__
COMPETENCY,software_engineering.data_types.encoding.base_32,base_32,N/A,__DEFINE_COMPETENCY_TITLE__,__DEFINE_COMPETENCY_DESCRIPTION__,__DEFINE_CRITERIA__,__DEFINE_CRITERIA__,__DEFINE_CRITERIA__,__DEFINE_CRITERIA__,__DEFINE_CRITERIA__
COMPETENCY,software_engineering.data_types.encoding.json,json,N/A,__DEFINE_COMPETENCY_TITLE__,__DEFINE_COMPETENCY_DESCRIPTION__,__DEFINE_CRITERIA__,__DEFINE_CRITERIA__,__DEFINE_CRITERIA__,__DEFINE_CRITERIA__,__DEFINE_CRITERIA__
COMPETENCY,software_engineering.data_types.encoding.csv,csv,N/A,__DEFINE_COMPETENCY_TITLE__,__DEFINE_COMPETENCY_DESCRIPTION__,__DEFINE_CRITERIA__,__DEFINE_CRITERIA__,__DEFINE_CRITERIA__,__DEFINE_CRITERIA__,__DEFINE_CRITERIA__
COMPETENCY,software_engineering.data_types.arrays,arrays,N/A,__DEFINE_COMPETENCY_TITLE__,__DEFINE_COMPETENCY_DESCRIPTION__,__DEFINE_CRITERIA__,__DEFINE_CRITERIA__,__DEFINE_CRITERIA__,__DEFINE_CRITERIA__,__DEFINE_CRITERIA__
COMPETENCY,software_engineering.data_types.maps,maps,N/A,__DEFINE_COMPETENCY_TITLE__,__DEFINE_COMPETENCY_DESCRIPTION__,__DEFINE_CRITERIA__,__DEFINE_CRITERIA__,__DEFINE_CRITERIA__,__DEFINE_CRITERIA__,__DEFINE_CRITERIA__
COMPETENCY,software_engineering.data_types.trees,trees,N/A,__DEFINE_COMPETENCY_TITLE__,__DEFINE_COMPETENCY_DESCRIPTION__,__DEFINE_CRITERIA__,__DEFINE_CRITERIA__,__DEFINE_CRITERIA__,__DEFINE_CRITERIA__,__DEFINE_CRITERIA__
COMPETENCY,software_engineering.data_types.strings,strings,N/A,__DEFINE_COMPETENCY_TITLE__,__DEFINE_COMPETENCY_DESCRIPTION__,__DEFINE_CRITERIA__,__DEFINE_CRITERIA__,__DEFINE_CRITERIA__,__DEFINE_CRITERIA__,__DEFINE_CRITERIA__
CATEGORY,software_engineering.pointers,pointers,1,N/A,N/A,N/A,N/A,N/A,N/A,N/A
COMPETENCY,software_engineering.pointers.garbage_collection_implications,garbage_collection_implications,N/A,__DEFINE_COMPETENCY_TITLE__,__DEFINE_COMPETENCY_DESCRIPTION__,__DEFINE_CRITERIA__,__DEFINE_CRITERIA__,__DEFINE_CRITERIA__,__DEFINE_CRITERIA__,__DEFINE_CRITERIA__
COMPETENCY,software_engineering.pointers.pass_by_value_vs_pass_by_reference,pass_by_value_vs_pass_by_reference,N/A,__DEFINE_COMPETENCY_TITLE__,__DEFINE_COMPETENCY_DESCRIPTION__,__DEFINE_CRITERIA__,__DEFINE_CRITERIA__,__DEFINE_CRITERIA__,__DEFINE_CRITERIA__,__DEFINE_CRITERIA__
COMPETENCY,software_engineering.pointers.function_pointers,function_pointers,N/A,__DEFINE_COMPETENCY_TITLE__,__DEFINE_COMPETENCY_DESCRIPTION__,__DEFINE_CRITERIA__,__DEFINE_CRITERIA__,__DEFINE_CRITERIA__,__DEFINE_CRITERIA__,__DEFINE_CRITERIA__
CATEGORY,software_engineering.testing,testing,1,N/A,N/A,N/A,N/A,N/A,N/A,N/A
COMPETENCY,software_engineering.testing.unit_tests,unit_tests,N/A,__DEFINE_COMPETENCY_TITLE__,__DEFINE_COMPETENCY_DESCRIPTION__,__DEFINE_CRITERIA__,__DEFINE_CRITERIA__,__DEFINE_CRITERIA__,__DEFINE_CRITERIA__,__DEFINE_CRITERIA__
COMPETENCY,software_engineering.testing.integration_tests,integration_tests,N/A,__DEFINE_COMPETENCY_TITLE__,__DEFINE_COMPETENCY_DESCRIPTION__,__DEFINE_CRITERIA__,__DEFINE_CRITERIA__,__DEFINE_CRITERIA__,__DEFINE_CRITERIA__,__DEFINE_CRITERIA__
COMPETENCY,software_engineering.testing.negative_test_cases,negative_test_cases,N/A,__DEFINE_COMPETENCY_TITLE__,__DEFINE_COMPETENCY_DESCRIPTION__,__DEFINE_CRITERIA__,__DEFINE_CRITERIA__,__DEFINE_CRITERIA__,__DEFINE_CRITERIA__,__DEFINE_CRITERIA__
COMPETENCY,software_engineering.testing.bigo_complexity,bigo_complexity,N/A,__DEFINE_COMPETENCY_TITLE__,__DEFINE_COMPETENCY_DESCRIPTION__,__DEFINE_CRITERIA__,__DEFINE_CRITERIA__,__DEFINE_CRITERIA__,__DEFINE_CRITERIA__,__DEFINE_CRITERIA__
CATEGORY,software_engineering.modeling,modeling,1,N/A,N/A,N/A,N/A,N/A,N/A,N/A
COMPETENCY,software_engineering.modeling.recursion,recursion,N/A,__DEFINE_COMPETENCY_TITLE__,__DEFINE_COMPETENCY_DESCRIPTION__,__DEFINE_CRITERIA__,__DEFINE_CRITERIA__,__DEFINE_CRITERIA__,__DEFINE_CRITERIA__,__DEFINE_CRITERIA__
COMPETENCY,software_engineering.modeling.object_orientation,object_orientation,N/A,__DEFINE_COMPETENCY_TITLE__,__DEFINE_COMPETENCY_DESCRIPTION__,__DEFINE_CRITERIA__,__DEFINE_CRITERIA__,__DEFINE_CRITERIA__,__DEFINE_CRITERIA__,__DEFINE_CRITERIA__
COMPETENCY,software_engineering.modeling.interfaces,interfaces,N/A,__DEFINE_COMPETENCY_TITLE__,__DEFINE_COMPETENCY_DESCRIPTION__,__DEFINE_CRITERIA__,__DEFINE_CRITERIA__,__DEFINE_CRITERIA__,__DEFINE_CRITERIA__,__DEFINE_CRITERIA__
COMPETENCY,software_engineering.modeling.inheritance,inheritance,N/A,__DEFINE_COMPETENCY_TITLE__,__DEFINE_COMPETENCY_DESCRIPTION__,__DEFINE_CRITERIA__,__DEFINE_CRITERIA__,__DEFINE_CRITERIA__,__DEFINE_CRITERIA__,__DEFINE_CRITERIA__
COMPETENCY,software_engineering.modeling.polymorphism,polymorphism,N/A,__DEFINE_COMPETENCY_TITLE__,__DEFINE_COMPETENCY_DESCRIPTION__,__DEFINE_CRITERIA__,__DEFINE_CRITERIA__,__DEFINE_CRITERIA__,__DEFINE_CRITERIA__,__DEFINE_CRITERIA__
COMPETENCY,software_engineering.modeling.reflection,reflection,N/A,__DEFINE_COMPETENCY_TITLE__,__DEFINE_COMPETENCY_DESCRIPTION__,__DEFINE_CRITERIA__,__DEFINE_CRITERIA__,__DEFINE_CRITERIA__,__DEFINE_CRITERIA__,__DEFINE_CRITERIA__
COMPETENCY,software_engineering.modeling.serialization,serialization,N/A,__DEFINE_COMPETENCY_TITLE__,__DEFINE_COMPETENCY_DESCRIPTION__,__DEFINE_CRITERIA__,__DEFINE_CRITERIA__,__DEFINE_CRITERIA__,__DEFINE_CRITERIA__,__DEFINE_CRITERIA__
CATEGORY,software_engineering.processing,processing,1,N/A,N/A,N/A,N/A,N/A,N/A,N/A
COMPETENCY,software_engineering.processing.sync_vs_async,sync_vs_async,N/A,__DEFINE_COMPETENCY_TITLE__,__DEFINE_COMPETENCY_DESCRIPTION__,__DEFINE_CRITERIA__,__DEFINE_CRITERIA__,__DEFINE_CRITERIA__,__DEFINE_CRITERIA__,__DEFINE_CRITERIA__
COMPETENCY,software_engineering.processing.regular_expressions,regular_expressions,N/A,__DEFINE_COMPETENCY_TITLE__,__DEFINE_COMPETENCY_DESCRIPTION__,__DEFINE_CRITERIA__,__DEFINE_CRITERIA__,__DEFINE_CRITERIA__,__DEFINE_CRITERIA__,__DEFINE_CRITERIA__
COMPETENCY,software_engineering.processing.buffered_io,buffered_io,N/A,__DEFINE_COMPETENCY_TITLE__,__DEFINE_COMPETENCY_DESCRIPTION__,__DEFINE_CRITERIA__,__DEFINE_CRITERIA__,__DEFINE_CRITERIA__,__DEFINE_CRITERIA__,__DEFINE_CRITERIA__
CATEGORY,software_engineering.distributed,distributed,1,N/A,N/A,N/A,N/A,N/A,N/A,N/A
CATEGORY,software_engineering.distributed.shared_queues,shared_queues,1,N/A,N/A,N/A,N/A,N/A,N/A,N/A
COMPETENCY,software_engineering.distributed.shared_queues.at_least_once_vs_at_most_once,at_least_once_vs_at_most_once,N/A,__DEFINE_COMPETENCY_TITLE__,__DEFINE_COMPETENCY_DESCRIPTION__,__DEFINE_CRITERIA__,__DEFINE_CRITERIA__,__DEFINE_CRITERIA__,__DEFINE_CRITERIA__,__DEFINE_CRITERIA__
COMPETENCY,software_engineering.distributed.shared_queues.performance_and_scaling,performance_and_scaling,N/A,__DEFINE_COMPETENCY_TITLE__,__DEFINE_COMPETENCY_DESCRIPTION__,__DEFINE_CRITERIA__,__DEFINE_CRITERIA__,__DEFINE_CRITERIA__,__DEFINE_CRITERIA__,__DEFINE_CRITERIA__
CATEGORY,software_engineering.distributed.shared_state,shared_state,1,N/A,N/A,N/A,N/A,N/A,N/A,N/A
COMPETENCY,software_engineering.distributed.shared_state.locks,locks,N/A,__DEFINE_COMPETENCY_TITLE__,__DEFINE_COMPETENCY_DESCRIPTION__,__DEFINE_CRITERIA__,__DEFINE_CRITERIA__,__DEFINE_CRITERIA__,__DEFINE_CRITERIA__,__DEFINE_CRITERIA__
COMPETENCY,software_engineering.distributed.shared_state.race_conditions,race_conditions,N/A,__DEFINE_COMPETENCY_TITLE__,__DEFINE_COMPETENCY_DESCRIPTION__,__DEFINE_CRITERIA__,__DEFINE_CRITERIA__,__DEFINE_CRITERIA__,__DEFINE_CRITERIA__,__DEFINE_CRITERIA__
COMPETENCY,software_engineering.distributed.shared_state.consistency,consistency,N/A,__DEFINE_COMPETENCY_TITLE__,__DEFINE_COMPETENCY_DESCRIPTION__,__DEFINE_CRITERIA__,__DEFINE_CRITERIA__,__DEFINE_CRITERIA__,__DEFINE_CRITERIA__,__DEFINE_CRITERIA__
COMPETENCY,software_engineering.distributed.shared_state.distributed_storage_engines,distributed_storage_engines,N/A,__DEFINE_COMPETENCY_TITLE__,__DEFINE_COMPETENCY_DESCRIPTION__,__DEFINE_CRITERIA__,__DEFINE_CRITERIA__,__DEFINE_CRITERIA__,__DEFINE_CRITERIA__,__DEFINE_CRITERIA__
CATEGORY,,systems_engineering,1,N/A,N/A,N/A,N/A,N/A,N/A,N/A
CATEGORY,systems_engineering.configuration_management,configuration_management,1,N/A,N/A,N/A,N/A,N/A,N/A,N/A
CATEGORY,systems_engineering.configuration_management.state_management,state_management,1,N/A,N/A,N/A,N/A,N/A,N/A,N/A
COMPETENCY,systems_engineering.configuration_management.state_management.chef,chef,N/A,__DEFINE_COMPETENCY_TITLE__,__DEFINE_COMPETENCY_DESCRIPTION__,__DEFINE_CRITERIA__,__DEFINE_CRITERIA__,__DEFINE_CRITERIA__,__DEFINE_CRITERIA__,__DEFINE_CRITERIA__
COMPETENCY,systems_engineering.configuration_management.state_management.salt,salt,N/A,__DEFINE_COMPETENCY_TITLE__,__DEFINE_COMPETENCY_DESCRIPTION__,__DEFINE_CRITERIA__,__DEFINE_CRITERIA__,__DEFINE_CRITERIA__,__DEFINE_CRITERIA__,__DEFINE_CRITERIA__
COMPETENCY,systems_engineering.configuration_management.state_management.puppet,puppet,N/A,__DEFINE_COMPETENCY_TITLE__,__DEFINE_COMPETENCY_DESCRIPTION__,__DEFINE_CRITERIA__,__DEFINE_CRITERIA__,__DEFINE_CRITERIA__,__DEFINE_CRITERIA__,__DEFINE_CRITERIA__
COMPETENCY,systems_engineering.configuration_management.state_management.ansible,ansible,N/A,__DEFINE_COMPETENCY_TITLE__,__DEFINE_COMPETENCY_DESCRIPTION__,__DEFINE_CRITERIA__,__DEFINE_CRITERIA__,__DEFINE_CRITERIA__,__DEFINE_CRITERIA__,__DEFINE_CRITERIA__
COMPETENCY,systems_engineering.configuration_management.state_management.sccm,sccm,N/A,__DEFINE_COMPETENCY_TITLE__,__DEFINE_COMPETENCY_DESCRIPTION__,__DEFINE_CRITERIA__,__DEFINE_CRITERIA__,__DEFINE_CRITERIA__,__DEFINE_CRITERIA__,__DEFINE_CRITERIA__
CATEGORY,systems_engineering.infrastructure_automation,infrastructure_automation,1,N/A,N/A,N/A,N/A,N/A,N/A,N/A
COMPETENCY,systems_engineering.infrastructure_automation.terraform,terraform,N/A,__DEFINE_COMPETENCY_TITLE__,__DEFINE_COMPETENCY_DESCRIPTION__,__DEFINE_CRITERIA__,__DEFINE_CRITERIA__,__DEFINE_CRITERIA__,__DEFINE_CRITERIA__,__DEFINE_CRITERIA__
COMPETENCY,systems_engineering.infrastructure_automation.ansible,ansible,N/A,__DEFINE_COMPETENCY_TITLE__,__DEFINE_COMPETENCY_DESCRIPTION__,__DEFINE_CRITERIA__,__DEFINE_CRITERIA__,__DEFINE_CRITERIA__,__DEFINE_CRITERIA__,__DEFINE_CRITERIA__
CATEGORY,systems_engineering.revision_control,revision_control,1,N/A,N/A,N/A,N/A,N/A,N/A,N/A
CATEGORY,systems_engineering.revision_control.git,git,1,N/A,N/A,N/A,N/A,N/A,N/A,N/A
COMPETENCY,systems_engineering.revision_control.git.pull,pull,N/A,__DEFINE_COMPETENCY_TITLE__,__DEFINE_COMPETENCY_DESCRIPTION__,__DEFINE_CRITERIA__,__DEFINE_CRITERIA__,__DEFINE_CRITERIA__,__DEFINE_CRITERIA__,__DEFINE_CRITERIA__
COMPETENCY,systems_engineering.revision_control.git.push,push,N/A,__DEFINE_COMPETENCY_TITLE__,__DEFINE_COMPETENCY_DESCRIPTION__,__DEFINE_CRITERIA__,__DEFINE_CRITERIA__,__DEFINE_CRITERIA__,__DEFINE_CRITERIA__,__DEFINE_CRITERIA__
COMPETENCY,systems_engineering.revision_control.git.add,add,N/A,__DEFINE_COMPETENCY_TITLE__,__DEFINE_COMPETENCY_DESCRIPTION__,__DEFINE_CRITERIA__,__DEFINE_CRITERIA__,__DEFINE_CRITERIA__,__DEFINE_CRITERIA__,__DEFINE_CRITERIA__
COMPETENCY,systems_engineering.revision_control.git.commit,commit,N/A,__DEFINE_COMPETENCY_TITLE__,__DEFINE_COMPETENCY_DESCRIPTION__,__DEFINE_CRITERIA__,__DEFINE_CRITERIA__,__DEFINE_CRITERIA__,__DEFINE_CRITERIA__,__DEFINE_CRITERIA__
COMPETENCY,systems_engineering.revision_control.git.diff,diff,N/A,__DEFINE_COMPETENCY_TITLE__,__DEFINE_COMPETENCY_DESCRIPTION__,__DEFINE_CRITERIA__,__DEFINE_CRITERIA__,__DEFINE_CRITERIA__,__DEFINE_CRITERIA__,__DEFINE_CRITERIA__
COMPETENCY,systems_engineering.revision_control.code_review,code_review,N/A,__DEFINE_COMPETENCY_TITLE__,__DEFINE_COMPETENCY_DESCRIPTION__,__DEFINE_CRITERIA__,__DEFINE_CRITERIA__,__DEFINE_CRITERIA__,__DEFINE_CRITERIA__,__DEFINE_CRITERIA__
COMPETENCY,systems_engineering.revision_control.continuous_integration,continuous_integration,N/A,__DEFINE_COMPETENCY_TITLE__,__DEFINE_COMPETENCY_DESCRIPTION__,__DEFINE_CRITERIA__,__DEFINE_CRITERIA__,__DEFINE_CRITERIA__,__DEFINE_CRITERIA__,__DEFINE_CRITERIA__
CATEGORY,systems_engineering.databases,databases,1,N/A,N/A,N/A,N/A,N/A,N/A,N/A
CATEGORY,systems_engineering.databases.rdbs,rdbs,1,N/A,N/A,N/A,N/A,N/A,N/A,N/A
COMPETENCY,systems_engineering.databases.rdbs.normalization,normalization,N/A,__DEFINE_COMPETENCY_TITLE__,__DEFINE_COMPETENCY_DESCRIPTION__,__DEFINE_CRITERIA__,__DEFINE_CRITERIA__,__DEFINE_CRITERIA__,__DEFINE_CRITERIA__,__DEFINE_CRITERIA__
COMPETENCY,systems_engineering.databases.rdbs.mysql,mysql,N/A,__DEFINE_COMPETENCY_TITLE__,__DEFINE_COMPETENCY_DESCRIPTION__,__DEFINE_CRITERIA__,__DEFINE_CRITERIA__,__DEFINE_CRITERIA__,__DEFINE_CRITERIA__,__DEFINE_CRITERIA__
COMPETENCY,systems_engineering.databases.rdbs.postgresql,postgresql,N/A,__DEFINE_COMPETENCY_TITLE__,__DEFINE_COMPETENCY_DESCRIPTION__,__DEFINE_CRITERIA__,__DEFINE_CRITERIA__,__DEFINE_CRITERIA__,__DEFINE_CRITERIA__,__DEFINE_CRITERIA__
COMPETENCY,systems_engineering.databases.rdbs.mssql,mssql,N/A,__DEFINE_COMPETENCY_TITLE__,__DEFINE_COMPETENCY_DESCRIPTION__,__DEFINE_CRITERIA__,__DEFINE_CRITERIA__,__DEFINE_CRITERIA__,__DEFINE_CRITERIA__,__DEFINE_CRITERIA__
COMPETENCY,systems_engineering.databases.rdbs.authentication,authentication,N/A,__DEFINE_COMPETENCY_TITLE__,__DEFINE_COMPETENCY_DESCRIPTION__,__DEFINE_CRITERIA__,__DEFINE_CRITERIA__,__DEFINE_CRITERIA__,__DEFINE_CRITERIA__,__DEFINE_CRITERIA__
COMPETENCY,systems_engineering.databases.rdbs.data_security,data_security,N/A,__DEFINE_COMPETENCY_TITLE__,__DEFINE_COMPETENCY_DESCRIPTION__,__DEFINE_CRITERIA__,__DEFINE_CRITERIA__,__DEFINE_CRITERIA__,__DEFINE_CRITERIA__,__DEFINE_CRITERIA__
CATEGORY,systems_engineering.databases.nosql,nosql,1,N/A,N/A,N/A,N/A,N/A,N/A,N/A
COMPETENCY,systems_engineering.databases.nosql.redis,redis,N/A,__DEFINE_COMPETENCY_TITLE__,__DEFINE_COMPETENCY_DESCRIPTION__,__DEFINE_CRITERIA__,__DEFINE_CRITERIA__,__DEFINE_CRITERIA__,__DEFINE_CRITERIA__,__DEFINE_CRITERIA__
COMPETENCY,systems_engineering.databases.nosql.mongodb,mongodb,N/A,__DEFINE_COMPETENCY_TITLE__,__DEFINE_COMPETENCY_DESCRIPTION__,__DEFINE_CRITERIA__,__DEFINE_CRITERIA__,__DEFINE_CRITERIA__,__DEFINE_CRITERIA__,__DEFINE_CRITERIA__
COMPETENCY,systems_engineering.databases.nosql.cassandra,cassandra,N/A,__DEFINE_COMPETENCY_TITLE__,__DEFINE_COMPETENCY_DESCRIPTION__,__DEFINE_CRITERIA__,__DEFINE_CRITERIA__,__DEFINE_CRITERIA__,__DEFINE_CRITERIA__,__DEFINE_CRITERIA__
CATEGORY,systems_engineering.databases.high_availability,high_availability,1,N/A,N/A,N/A,N/A,N/A,N/A,N/A
COMPETENCY,systems_engineering.databases.high_availability.master_slave,master_slave,N/A,__DEFINE_COMPETENCY_TITLE__,__DEFINE_COMPETENCY_DESCRIPTION__,__DEFINE_CRITERIA__,__DEFINE_CRITERIA__,__DEFINE_CRITERIA__,__DEFINE_CRITERIA__,__DEFINE_CRITERIA__
COMPETENCY,systems_engineering.databases.high_availability.multi_slave_single_master,multi_slave_single_master,N/A,__DEFINE_COMPETENCY_TITLE__,__DEFINE_COMPETENCY_DESCRIPTION__,__DEFINE_CRITERIA__,__DEFINE_CRITERIA__,__DEFINE_CRITERIA__,__DEFINE_CRITERIA__,__DEFINE_CRITERIA__
COMPETENCY,systems_engineering.databases.high_availability.multi_master,multi_master,N/A,__DEFINE_COMPETENCY_TITLE__,__DEFINE_COMPETENCY_DESCRIPTION__,__DEFINE_CRITERIA__,__DEFINE_CRITERIA__,__DEFINE_CRITERIA__,__DEFINE_CRITERIA__,__DEFINE_CRITERIA__
CATEGORY,systems_engineering.databases.acid,acid,1,N/A,N/A,N/A,N/A,N/A,N/A,N/A
COMPETENCY,systems_engineering.databases.acid.atomicity,atomicity,N/A,__DEFINE_COMPETENCY_TITLE__,__DEFINE_COMPETENCY_DESCRIPTION__,__DEFINE_CRITERIA__,__DEFINE_CRITERIA__,__DEFINE_CRITERIA__,__DEFINE_CRITERIA__,__DEFINE_CRITERIA__
COMPETENCY,systems_engineering.databases.acid.consistency,consistency,N/A,__DEFINE_COMPETENCY_TITLE__,__DEFINE_COMPETENCY_DESCRIPTION__,__DEFINE_CRITERIA__,__DEFINE_CRITERIA__,__DEFINE_CRITERIA__,__DEFINE_CRITERIA__,__DEFINE_CRITERIA__
COMPETENCY,systems_engineering.databases.acid.isolation,isolation,N/A,__DEFINE_COMPETENCY_TITLE__,__DEFINE_COMPETENCY_DESCRIPTION__,__DEFINE_CRITERIA__,__DEFINE_CRITERIA__,__DEFINE_CRITERIA__,__DEFINE_CRITERIA__,__DEFINE_CRITERIA__
COMPETENCY,systems_engineering.databases.acid.durability,durability,N/A,__DEFINE_COMPETENCY_TITLE__,__DEFINE_COMPETENCY_DESCRIPTION__,__DEFINE_CRITERIA__,__DEFINE_CRITERIA__,__DEFINE_CRITERIA__,__DEFINE_CRITERIA__,__DEFINE_CRITERIA__
CATEGORY,systems_engineering.endpoint_management,endpoint_management,1,N/A,N/A,N/A,N/A,N/A,N/A,N/A
CATEGORY,systems_engineering.endpoint_management.mac,mac,1,N/A,N/A,N/A,N/A,N/A,N/A,N/A
COMPETENCY,systems_engineering.endpoint_management.mac.jamf,jamf,N/A,__DEFINE_COMPETENCY_TITLE__,__DEFINE_COMPETENCY_DESCRIPTION__,__DEFINE_CRITERIA__,__DEFINE_CRITERIA__,__DEFINE_CRITERIA__,__DEFINE_CRITERIA__,__DEFINE_CRITERIA__
COMPETENCY,systems_engineering.endpoint_management.mac.apple_mdm,apple_mdm,N/A,__DEFINE_COMPETENCY_TITLE__,__DEFINE_COMPETENCY_DESCRIPTION__,__DEFINE_CRITERIA__,__DEFINE_CRITERIA__,__DEFINE_CRITERIA__,__DEFINE_CRITERIA__,__DEFINE_CRITERIA__
CATEGORY,systems_engineering.endpoint_management.windows,windows,1,N/A,N/A,N/A,N/A,N/A,N/A,N/A
COMPETENCY,systems_engineering.endpoint_management.windows.gpo,gpo,N/A,__DEFINE_COMPETENCY_TITLE__,__DEFINE_COMPETENCY_DESCRIPTION__,__DEFINE_CRITERIA__,__DEFINE_CRITERIA__,__DEFINE_CRITERIA__,__DEFINE_CRITERIA__,__DEFINE_CRITERIA__
COMPETENCY,systems_engineering.endpoint_management.windows.sccm,sccm,N/A,__DEFINE_COMPETENCY_TITLE__,__DEFINE_COMPETENCY_DESCRIPTION__,__DEFINE_CRITERIA__,__DEFINE_CRITERIA__,__DEFINE_CRITERIA__,__DEFINE_CRITERIA__,__DEFINE_CRITERIA__
CATEGORY,systems_engineering.endpoint_management.mobile,mobile,1,N/A,N/A,N/A,N/A,N/A,N/A,N/A
COMPETENCY,systems_engineering.endpoint_management.mobile.mdm,mdm,N/A,__DEFINE_COMPETENCY_TITLE__,__DEFINE_COMPETENCY_DESCRIPTION__,__DEFINE_CRITERIA__,__DEFINE_CRITERIA__,__DEFINE_CRITERIA__,__DEFINE_CRITERIA__,__DEFINE_CRITERIA__
COMPETENCY,systems_engineering.endpoint_management.mobile.provisioning,provisioning,N/A,__DEFINE_COMPETENCY_TITLE__,__DEFINE_COMPETENCY_DESCRIPTION__,__DEFINE_CRITERIA__,__DEFINE_CRITERIA__,__DEFINE_CRITERIA__,__DEFINE_CRITERIA__,__DEFINE_CRITERIA__
CATEGORY,systems_engineering.cloud,cloud,1,N/A,N/A,N/A,N/A,N/A,N/A,N/A
CATEGORY,systems_engineering.cloud.infrastructure,infrastructure,1,N/A,N/A,N/A,N/A,N/A,N/A,N/A
CATEGORY,systems_engineering.cloud.infrastructure.providers,providers,1,N/A,N/A,N/A,N/A,N/A,N/A,N/A
COMPETENCY,systems_engineering.cloud.infrastructure.providers.aws,aws,N/A,__DEFINE_COMPETENCY_TITLE__,__DEFINE_COMPETENCY_DESCRIPTION__,__DEFINE_CRITERIA__,__DEFINE_CRITERIA__,__DEFINE_CRITERIA__,__DEFINE_CRITERIA__,__DEFINE_CRITERIA__
COMPETENCY,systems_engineering.cloud.infrastructure.providers.gcp,gcp,N/A,__DEFINE_COMPETENCY_TITLE__,__DEFINE_COMPETENCY_DESCRIPTION__,__DEFINE_CRITERIA__,__DEFINE_CRITERIA__,__DEFINE_CRITERIA__,__DEFINE_CRITERIA__,__DEFINE_CRITERIA__
COMPETENCY,systems_engineering.cloud.infrastructure.providers.azure,azure,N/A,__DEFINE_COMPETENCY_TITLE__,__DEFINE_COMPETENCY_DESCRIPTION__,__DEFINE_CRITERIA__,__DEFINE_CRITERIA__,__DEFINE_CRITERIA__,__DEFINE_CRITERIA__,__DEFINE_CRITERIA__
CATEGORY,systems_engineering.cloud.infrastructure.technologies,technologies,1,N/A,N/A,N/A,N/A,N/A,N/A,N/A
COMPETENCY,systems_engineering.cloud.infrastructure.technologies.object_storage,object_storage,N/A,__DEFINE_COMPETENCY_TITLE__,__DEFINE_COMPETENCY_DESCRIPTION__,__DEFINE_CRITERIA__,__DEFINE_CRITERIA__,__DEFINE_CRITERIA__,__DEFINE_CRITERIA__,__DEFINE_CRITERIA__
COMPETENCY,systems_engineering.cloud.infrastructure.technologies.compute_resources,compute_resources,N/A,__DEFINE_COMPETENCY_TITLE__,__DEFINE_COMPETENCY_DESCRIPTION__,__DEFINE_CRITERIA__,__DEFINE_CRITERIA__,__DEFINE_CRITERIA__,__DEFINE_CRITERIA__,__DEFINE_CRITERIA__
COMPETENCY,systems_engineering.cloud.infrastructure.technologies.virtual_private_clouds,virtual_private_clouds,N/A,__DEFINE_COMPETENCY_TITLE__,__DEFINE_COMPETENCY_DESCRIPTION__,__DEFINE_CRITERIA__,__DEFINE_CRITERIA__,__DEFINE_CRITERIA__,__DEFINE_CRITERIA__,__DEFINE_CRITERIA__
COMPETENCY,systems_engineering.cloud.infrastructure.technologies.network_acls,network_acls,N/A,__DEFINE_COMPETENCY_TITLE__,__DEFINE_COMPETENCY_DESCRIPTION__,__DEFINE_CRITERIA__,__DEFINE_CRITERIA__,__DEFINE_CRITERIA__,__DEFINE_CRITERIA__,__DEFINE_CRITERIA__
COMPETENCY,systems_engineering.cloud.infrastructure.technologies.host_based_acls,host_based_acls,N/A,__DEFINE_COMPETENCY_TITLE__,__DEFINE_COMPETENCY_DESCRIPTION__,__DEFINE_CRITERIA__,__DEFINE_CRITERIA__,__DEFINE_CRITERIA__,__DEFINE_CRITERIA__,__DEFINE_CRITERIA__
COMPETENCY,systems_engineering.cloud.infrastructure.technologies.elastic_ips,elastic_ips,N/A,__DEFINE_COMPETENCY_TITLE__,__DEFINE_COMPETENCY_DESCRIPTION__,__DEFINE_CRITERIA__,__DEFINE_CRITERIA__,__DEFINE_CRITERIA__,__DEFINE_CRITERIA__,__DEFINE_CRITERIA__
COMPETENCY,systems_engineering.cloud.infrastructure.technologies.iam,iam,N/A,__DEFINE_COMPETENCY_TITLE__,__DEFINE_COMPETENCY_DESCRIPTION__,__DEFINE_CRITERIA__,__DEFINE_CRITERIA__,__DEFINE_CRITERIA__,__DEFINE_CRITERIA__,__DEFINE_CRITERIA__
COMPETENCY,systems_engineering.cloud.infrastructure.technologies.load_balancers,load_balancers,N/A,__DEFINE_COMPETENCY_TITLE__,__DEFINE_COMPETENCY_DESCRIPTION__,__DEFINE_CRITERIA__,__DEFINE_CRITERIA__,__DEFINE_CRITERIA__,__DEFINE_CRITERIA__,__DEFINE_CRITERIA__
COMPETENCY,systems_engineering.cloud.infrastructure.technologies.lambda_functions,lambda_functions,N/A,__DEFINE_COMPETENCY_TITLE__,__DEFINE_COMPETENCY_DESCRIPTION__,__DEFINE_CRITERIA__,__DEFINE_CRITERIA__,__DEFINE_CRITERIA__,__DEFINE_CRITERIA__,__DEFINE_CRITERIA__
CATEGORY,systems_engineering.cloud.apps,apps,1,N/A,N/A,N/A,N/A,N/A,N/A,N/A
CATEGORY,systems_engineering.cloud.apps.gsuite,gsuite,1,N/A,N/A,N/A,N/A,N/A,N/A,N/A
COMPETENCY,systems_engineering.cloud.apps.gsuite.google_drive,google_drive,N/A,__DEFINE_COMPETENCY_TITLE__,__DEFINE_COMPETENCY_DESCRIPTION__,__DEFINE_CRITERIA__,__DEFINE_CRITERIA__,__DEFINE_CRITERIA__,__DEFINE_CRITERIA__,__DEFINE_CRITERIA__
COMPETENCY,systems_engineering.cloud.apps.gsuite.google_sheets,google_sheets,N/A,__DEFINE_COMPETENCY_TITLE__,__DEFINE_COMPETENCY_DESCRIPTION__,__DEFINE_CRITERIA__,__DEFINE_CRITERIA__,__DEFINE_CRITERIA__,__DEFINE_CRITERIA__,__DEFINE_CRITERIA__
COMPETENCY,systems_engineering.cloud.apps.gsuite.gmail,gmail,N/A,__DEFINE_COMPETENCY_TITLE__,__DEFINE_COMPETENCY_DESCRIPTION__,__DEFINE_CRITERIA__,__DEFINE_CRITERIA__,__DEFINE_CRITERIA__,__DEFINE_CRITERIA__,__DEFINE_CRITERIA__
CATEGORY,systems_engineering.cloud.apps.storage,storage,1,N/A,N/A,N/A,N/A,N/A,N/A,N/A
COMPETENCY,systems_engineering.cloud.apps.storage.dropbox,dropbox,N/A,__DEFINE_COMPETENCY_TITLE__,__DEFINE_COMPETENCY_DESCRIPTION__,__DEFINE_CRITERIA__,__DEFINE_CRITERIA__,__DEFINE_CRITERIA__,__DEFINE_CRITERIA__,__DEFINE_CRITERIA__
COMPETENCY,systems_engineering.cloud.apps.storage.box,box,N/A,__DEFINE_COMPETENCY_TITLE__,__DEFINE_COMPETENCY_DESCRIPTION__,__DEFINE_CRITERIA__,__DEFINE_CRITERIA__,__DEFINE_CRITERIA__,__DEFINE_CRITERIA__,__DEFINE_CRITERIA__
